TF_gene,tissue_brain,TF_transcript_id_brain,target_gene_brain,target_transcript_id_brain,importance_brain,brain_percentage,brain_opposite_percentage,tissue_kidney,TF_transcript_id_kidney,target_gene_kidney,target_transcript_id_kidney,importance_kidney,kidney_percentage,kidney_opposite_percentage,log2FoldChange,regulation_status,is_common_TF
RNF14,brain,RNF14-203,CCDC91,CCDC91-201,6.842457294894033,0.6497460265443223,0.35025397345567766,kidney,RNF14-203,FBXO8,0,9.005725190655832,0.3502539734556776,0.6497460265443225,0.0,0,True
WWTR1,brain,WWTR1-201,RPS9,RPS9-201,5.3924115236963415,0.36587384149801394,0.6341261585019861,kidney,WWTR1-201,CCL20,0,7.209463149576072,0.6341261585019862,0.36587384149801383,0.0,0,True
NFYA,brain,NFYA-201,ATXN1L,ATXN1L-201,4.846823721813587,0.6785982056358199,0.32140179436418015,kidney,NFYA-201,KPNA3,0,8.592264485432509,0.32140179436418004,0.67859820563582,0.0,0,True
HIVEP2,brain,HIVEP2-202,ASNS,ASNS-202,4.580146829378761,0.7410049999455344,0.25899500005446563,kidney,HIVEP2-202,ANKLE2,0,7.750426875916877,0.2589950000544657,0.7410049999455344,0.0,0,True
ZNF263,brain,ZNF263-201,SGTA,0,4.539093065721204,0.5848475310231684,0.41515246897683156,kidney,ZNF263-201,KAT8,0,8.762494502465362,0.41515246897683156,0.5848475310231684,0.0,0,True
NFIX,brain,NFIX-202,NFIX,0,4.4772423080832775,0.8966248794599807,0.1033751205400193,kidney,NFIX-202,TMEM39A,0,7.92940730215969,0.10337512054001928,0.8966248794599807,-2.64524495076415,Downregulated,True
GTF2IRD1,brain,GTF2IRD1-205,PHKG2,PHKG2-210,4.209747297040817,0.39562198067632875,0.6043780193236712,kidney,GTF2IRD1-204,TRIB3,0,7.070916696263964,0.0,0.0,3.11478279172857,Upregulated,True
TMEM232,brain,TMEM232-213,FOXJ1,FOXJ1-201,8.472033837982142,0.0,0.0,kidney,0,ZMYND11,ZMYND11-214,5.181245817246509,0.27358720132542913,0.7264127986745709,0.0,0,False
ABITRAM,brain,0,TSG101,TSG101-201,7.9852697533924175,0.0,0.0,kidney,0,KMT2E,KMT2E-208,4.588434968694068,0.18923159344864526,0.8107684065513547,0.0,0,False
EPB41L1,brain,EPB41L1-202,SREBF2,SREBF2-201,7.562730353151783,0.0,0.0,kidney,0,RNF14,RNF14-203,4.481429210605683,0.3502539734556776,0.6497460265443225,-1.73580732040644,Downregulated,False
TEX9,brain,0,FOXJ1,FOXJ1-201,7.278125378652971,0.0,0.0,kidney,0,ZMYND11,ZMYND11-214,4.580651436520513,0.27358720132542913,0.7264127986745709,0.0,0,False
TFAP2C,brain,0,TFAP2C,TFAP2C-201,7.155783873683332,0.0,0.0,kidney,0,JARID2,JARID2-202,4.959585729444135,0.28022516465735325,0.7197748353426467,0.0,0,False
ANXA7,brain,ANXA7-201,CDC5L,CDC5L-201,6.993853887412977,0.0,0.0,kidney,0,NFYA,NFYA-201,4.703516874305631,0.32140179436418004,0.67859820563582,-7.21866232365642,Downregulated,False
ZNF335,brain,0,ZNF335,ZNF335-201,6.963698549264111,0.0,0.0,kidney,0,NFIX,NFIX-202,4.552502889321717,0.10337512054001928,0.8966248794599807,0.0,0,False
CCDC91,brain,CCDC91-201,RNF14,RNF14-203,6.842457294894033,0.6497460265443223,0.35025397345567766,kidney,0,ZMYND11,ZMYND11-206,4.459155664610754,0.26965605644939095,0.730343943550609,-5.66729204464936,Downregulated,False
DVL1,brain,DVL1-205,DEAF1,DEAF1-201,6.798428643240703,0.0,0.0,kidney,0,ZNF263,ZNF263-201,7.509596172407198,0.41515246897683156,0.5848475310231684,-5.36388331019319,Downregulated,False
NBEA,brain,0,TSC22D1,TSC22D1-203,6.790416415170301,0.0,0.0,kidney,0,NFYA,NFYA-201,5.412269425672568,0.32140179436418004,0.67859820563582,0.0,0,False
DDB1,brain,0,SP2,SP2-201,6.779353577401181,0.0,0.0,kidney,0,CREBBP,CREBBP-201,4.579484628773029,0.4415698760249729,0.5584301239750271,0.0,0,False
MKNK1,brain,0,MLXIP,MLXIP-201,6.726070049499718,0.0,0.0,kidney,0,NFIX,NFIX-202,5.315397962168257,0.10337512054001928,0.8966248794599807,0.0,0,False
TEKT2,brain,0,RFX2,RFX2-201,6.699322453654114,0.0,0.0,kidney,0,ZNF263,ZNF263-201,4.447481778774879,0.41515246897683156,0.5848475310231684,0.0,0,False
WDR93,brain,0,FOXJ1,FOXJ1-201,6.657144432414487,0.0,0.0,kidney,0,ZNF263,ZNF263-201,4.595436765848248,0.41515246897683156,0.5848475310231684,0.0,0,False
FKBP8,brain,0,PIN1,PIN1-201,6.604550035860003,0.0,0.0,kidney,0,ZNF263,ZNF263-201,4.615865141418221,0.41515246897683156,0.5848475310231684,0.0,0,False
IDH3B,brain,IDH3B-201,GTF2F1,GTF2F1-201,6.513712812043881,0.0,0.0,kidney,0,NFYA,NFYA-201,4.748231551801767,0.32140179436418004,0.67859820563582,-7.0254421021627,Downregulated,False
ZBTB44,brain,ZBTB44-205,CREBRF,CREBRF-201,6.496589048621242,0.0,0.0,kidney,0,ZMYND11,ZMYND11-214,4.6389540644732286,0.27358720132542913,0.7264127986745709,-3.71895490698565,Downregulated,False
GRK3,brain,0,RBFOX2,RBFOX2-205,6.496154183078503,0.0,0.0,kidney,0,CREBBP,CREBBP-201,5.134318191420129,0.4415698760249729,0.5584301239750271,-2.13260265198277,Downregulated,False
TTC1,brain,TTC1-201,EID1,EID1-201,6.482607090825979,0.0,0.0,kidney,0,NFYA,NFYA-201,5.539951101535181,0.32140179436418004,0.67859820563582,-7.79039016250412,Downregulated,False
PHB2,brain,PHB2-203,NPM1,NPM1-204,6.395940854822986,0.0,0.0,kidney,0,RNF14,RNF14-203,4.737985504526521,0.3502539734556776,0.6497460265443225,-7.79884099425908,Downregulated,False
VPS13D,brain,VPS13D-212,TBL1XR1,TBL1XR1-232,6.314550741434036,0.0,0.0,kidney,0,CREBBP,CREBBP-201,5.486625208273669,0.4415698760249729,0.5584301239750271,-4.87973738722467,Downregulated,False
C17orf75,brain,0,GTF2F1,GTF2F1-201,6.298355797221865,0.0,0.0,kidney,0,ZMYND11,ZMYND11-214,4.350534030137101,0.27358720132542913,0.7264127986745709,0.0,0,False
NAA60,brain,0,NAB2,NAB2-201,6.295202935580189,0.0,0.0,kidney,0,RNF14,RNF14-203,4.694439091070638,0.3502539734556776,0.6497460265443225,0.0,0,False
SOX4,brain,0,SOX4,SOX4-201,6.279466916408005,0.0,0.0,kidney,0,CREBBP,CREBBP-201,4.684826090036507,0.4415698760249729,0.5584301239750271,0.0,0,False
PRKAR2A,brain,0,ZNF134,ZNF134-201,6.258145985075437,0.0,0.0,kidney,0,NFIX,NFIX-202,5.944211920450871,0.10337512054001928,0.8966248794599807,0.0,0,False
KHK,brain,0,COPS5,COPS5-201,6.215784192606327,0.0,0.0,kidney,0,MLXIPL,MLXIPL-201,4.679425134472316,0.0,0.0,3.65041862178146,Upregulated,False
AHRR,brain,0,AHRR,AHRR-201,6.152778389481185,0.0,0.0,kidney,0,CREBBP,CREBBP-201,4.509461580544948,0.4415698760249729,0.5584301239750271,0.0,0,False
PKN2,brain,PKN2-203,PBRM1,PBRM1-203,6.149881690996821,0.0,0.0,kidney,0,NFYA,NFYA-201,4.77350072808239,0.32140179436418004,0.67859820563582,-4.25113749218404,Downregulated,False
TMEM9,brain,0,DRAP1,DRAP1-201,6.138074201913415,0.0,0.0,kidney,0,ZNF263,ZNF263-201,4.407305482671522,0.41515246897683156,0.5848475310231684,0.0,0,False
PPIL1,brain,PPIL1-201,APEX1,APEX1-201,6.115345700480567,0.0,0.0,kidney,0,ZMYND11,ZMYND11-214,4.739358498590013,0.27358720132542913,0.7264127986745709,-5.61552968230776,Downregulated,False
UQCRC2,brain,UQCRC2-201,GTF2B,GTF2B-201,6.1113558022519605,0.0,0.0,kidney,0,RNF14,RNF14-203,4.984942021838328,0.3502539734556776,0.6497460265443225,-7.11551921108716,Downregulated,False
KMT5B,brain,KMT5B-201,ZNF175,ZNF175-201,6.101940318635966,0.0,0.0,kidney,0,ZNF263,ZNF263-201,5.855454840914431,0.41515246897683156,0.5848475310231684,-4.62290957671025,Downregulated,False
COPS6,brain,0,GTF2F1,GTF2F1-201,6.014719021088194,0.0,0.0,kidney,0,NFYA,NFYA-201,4.36419609405832,0.32140179436418004,0.67859820563582,0.0,0,False
AQR,brain,AQR-201,ASH1L,ASH1L-201,6.011846759861945,0.0,0.0,kidney,0,NFYA,NFYA-201,4.581639586358,0.32140179436418004,0.67859820563582,-3.4726566271522,Downregulated,False
MRPL45,brain,0,COPS5,COPS5-201,6.008712005931033,0.0,0.0,kidney,0,RNF14,RNF14-203,6.509848086907869,0.3502539734556776,0.6497460265443225,0.0,0,False
MRPL2,brain,MRPL2-202,GTF2F1,GTF2F1-201,6.000070055417686,0.0,0.0,kidney,0,CREBBP,CREBBP-201,5.506604188214001,0.4415698760249729,0.5584301239750271,-4.77636921544055,Downregulated,False
EIF3M,brain,0,TSG101,TSG101-201,5.964075388515626,0.0,0.0,kidney,0,RNF14,RNF14-203,4.607797967618985,0.3502539734556776,0.6497460265443225,0.0,0,False
NDUFB5,brain,NDUFB5-214,MYT1L,MYT1L-203,5.953270126594153,0.0,0.0,kidney,0,RNF14,RNF14-203,4.935609153349576,0.3502539734556776,0.6497460265443225,-4.30191054447526,Downregulated,False
TGFB3,brain,0,FOXO4,FOXO4-202,5.870565556131832,0.0,0.0,kidney,0,KMT2E,KMT2E-211,5.265497225892668,0.22825042057197786,0.7717495794280221,0.0,0,False
CFAP53,brain,CFAP53-201,FOXJ1,FOXJ1-201,5.861653670246539,0.0,0.0,kidney,0,ZMYND11,ZMYND11-214,4.454560905377829,0.27358720132542913,0.7264127986745709,-3.47196400205599,Downregulated,False
TAOK3,brain,0,CDC5L,CDC5L-201,5.841229635713633,0.0,0.0,kidney,0,CREBBP,CREBBP-201,5.246029545284244,0.4415698760249729,0.5584301239750271,-1.6306090129769,Downregulated,False
SHANK1,brain,SHANK1-202,ZBTB7A,ZBTB7A-201,5.840432344006306,0.0,0.0,kidney,0,NFIX,NFIX-202,4.54908657759073,0.10337512054001928,0.8966248794599807,-7.46118455420498,Downregulated,False
DTD2,brain,DTD2-201,RNF14,RNF14-203,5.824783234924803,0.6497460265443223,0.35025397345567766,kidney,0,ZMYND11,ZMYND11-214,4.8368184107929935,0.27358720132542913,0.7264127986745709,-4.54973599786279,Downregulated,False
AP3S1,brain,AP3S1-203,PIN1,PIN1-201,5.807372864037551,0.0,0.0,kidney,0,NFIX,NFIX-202,4.514805762905835,0.10337512054001928,0.8966248794599807,-6.55138847962186,Downregulated,False
MPHOSPH9,brain,0,NR2C2,NR2C2-213,5.797281931621448,0.0,0.0,kidney,0,NFYA,NFYA-201,5.15292418244126,0.32140179436418004,0.67859820563582,0.0,0,False
RTL8C,brain,RTL8C-201,GTF2F1,GTF2F1-201,5.739724911088115,0.0,0.0,kidney,0,CREBBP,CREBBP-201,6.926306019850862,0.4415698760249729,0.5584301239750271,-10.2587229039323,Downregulated,False
CLTA,brain,CLTA-201,PIN1,PIN1-201,5.726371255234339,0.0,0.0,kidney,0,KMT2E,KMT2E-201,4.495942117581142,0.37354192938209335,0.6264580706179066,-7.49216717533207,Downregulated,False
DLEC1,brain,DLEC1-207,RFX2,RFX2-201,5.660166722988147,0.0,0.0,kidney,0,CREBBP,CREBBP-204,5.479761665317869,0.0,0.0,0.0,0,False
AZIN1,brain,AZIN1-201,GTF2B,GTF2B-201,5.58622669403024,0.0,0.0,kidney,0,KMT2E,KMT2E-201,5.193034190984759,0.37354192938209335,0.6264580706179066,-7.01270630996171,Downregulated,False
MRPL10,brain,0,GTF2F1,GTF2F1-201,5.574904282793166,0.0,0.0,kidney,0,NFYA,NFYA-201,5.185309550766823,0.32140179436418004,0.67859820563582,0.0,0,False
ZNF554,brain,0,LRRFIP1,LRRFIP1-203,5.559390905757992,0.0,0.0,kidney,0,CREBBP,CREBBP-201,4.560961464964029,0.4415698760249729,0.5584301239750271,0.0,0,False
PNMA8A,brain,PNMA8A-201,TSC22D1,TSC22D1-203,5.532990764717699,0.0,0.0,kidney,0,TFAP2B,TFAP2B-202,4.886816765961939,0.0,0.0,-3.06082260390452,Downregulated,False
LRIG2,brain,LRIG2-201,KMT2A,KMT2A-213,5.531621057663744,0.0,0.0,kidney,0,KMT2E,KMT2E-203,4.724625312116134,0.38879311291438357,0.6112068870856164,-2.966657989655,Downregulated,False
TSPAN13,brain,0,TBR1,TBR1-201,5.518499847247286,0.0,0.0,kidney,0,KMT2E,KMT2E-201,4.752700198604579,0.37354192938209335,0.6264580706179066,-2.2592067637139,Downregulated,False
DCTN5,brain,DCTN5-201,MECP2,MECP2-201,5.507804651906548,0.0,0.0,kidney,0,RNF14,RNF14-203,6.328244231514661,0.3502539734556776,0.6497460265443225,-5.52366432542517,Downregulated,False
PDZD8,brain,PDZD8-201,SMARCA5,SMARCA5-201,5.497698761538701,0.0,0.0,kidney,0,HIVEP2,HIVEP2-202,5.192405853391531,0.2589950000544657,0.7410049999455344,-4.67453119212857,Downregulated,False
RAB1B,brain,0,GTF2F1,GTF2F1-201,5.474736058980263,0.0,0.0,kidney,0,NFIX,NFIX-202,4.484567543765616,0.10337512054001928,0.8966248794599807,0.0,0,False
CHURC1,brain,0,RNF14,RNF14-203,5.473580244564927,0.6497460265443223,0.35025397345567766,kidney,0,RNF14,RNF14-203,4.693962840356495,0.3502539734556776,0.6497460265443225,0.0,0,False
VEZF1,brain,0,VEZF1,VEZF1-201,5.4735400206853,0.0,0.0,kidney,0,CREBBP,CREBBP-201,5.254988203977681,0.4415698760249729,0.5584301239750271,0.0,0,False
TRIM16,brain,TRIM16-202,TSC22D1,TSC22D1-203,5.463575811519346,0.0,0.0,kidney,0,NFIX,NFIX-202,5.113624207506644,0.10337512054001928,0.8966248794599807,0.0,0,False
GLB1L,brain,0,RFX2,RFX2-201,5.462797729416908,0.0,0.0,kidney,0,CREBBP,CREBBP-201,5.534880415459348,0.4415698760249729,0.5584301239750271,1.59620459553861,Upregulated,False
C11orf58,brain,C11orf58-204,TFCP2,TFCP2-201,5.462216651059538,0.0,0.0,kidney,0,RNF14,RNF14-203,4.724299183598027,0.3502539734556776,0.6497460265443225,-3.5441689033777,Downregulated,False
TCF12,brain,0,ZNF354C,ZNF354C-201,5.454725815198114,0.0,0.0,kidney,0,KMT2E,KMT2E-201,5.497555679577566,0.37354192938209335,0.6264580706179066,0.0,0,False
HAPLN4,brain,HAPLN4-201,SCRT1,SCRT1-201,5.448236561364583,0.0,0.0,kidney,0,MLXIPL,MLXIPL-209,5.4504696982444365,0.0,0.0,-2.89549351721884,Downregulated,False
BNIP3L,brain,BNIP3L-201,RNF14,RNF14-203,5.447377006956624,0.6497460265443223,0.35025397345567766,kidney,0,WWTR1,WWTR1-201,4.566035950566167,0.6341261585019862,0.36587384149801383,-7.33714366314337,Downregulated,False
CARNMT1,brain,0,CDC5L,CDC5L-201,5.4364458716828965,0.0,0.0,kidney,0,ZMYND11,ZMYND11-206,4.445410056712882,0.26965605644939095,0.730343943550609,0.0,0,False
RANBP1,brain,RANBP1-201,TSG101,TSG101-201,5.424677826083786,0.0,0.0,kidney,0,CREBBP,CREBBP-201,4.586973659165236,0.4415698760249729,0.5584301239750271,-7.01646899150985,Downregulated,False
CIAPIN1,brain,0,GTF2F1,GTF2F1-201,5.417629328141374,0.0,0.0,kidney,CIAPIN1-213,GTF2IRD1,GTF2IRD1-202,5.408417445315997,0.6566044155451385,0.3433955844548615,0.0,0,False
PDZD11,brain,PDZD11-201,PARK7,PARK7-201,5.410781316727205,0.0,0.0,kidney,0,RNF14,RNF14-203,8.0064451714718,0.3502539734556776,0.6497460265443225,-7.62067977657117,Downregulated,False
PLP2,brain,PLP2-202,LRRFIP1,LRRFIP1-201,5.389303703688898,0.0,0.0,kidney,0,HIVEP2,HIVEP2-202,4.749978025290338,0.2589950000544657,0.7410049999455344,2.15737727442319,Upregulated,False
BBOX1,brain,0,STOX1,STOX1-201,5.38050512842857,0.0,0.0,kidney,0,NR1H4,NR1H4-208,4.9824731984089095,0.0,0.0,2.39628163949293,Upregulated,False
MRPL24,brain,MRPL24-201,PARK7,PARK7-201,5.345372748230596,0.0,0.0,kidney,0,RNF14,RNF14-203,5.829821426666897,0.3502539734556776,0.6497460265443225,-6.59549581903458,Downregulated,False
SMG1,brain,SMG1-201,NCOA3,NCOA3-203,5.3429134284776,0.0,0.0,kidney,0,ZNF263,ZNF263-201,4.327123365863731,0.41515246897683156,0.5848475310231684,-4.38365720171418,Downregulated,False
C1QTNF4,brain,0,MESP1,MESP1-201,5.334342845423327,0.0,0.0,kidney,0,CREBBP,CREBBP-201,4.751330958741221,0.4415698760249729,0.5584301239750271,-5.14258526179282,Downregulated,False
ICA1,brain,0,LRRFIP1,LRRFIP1-203,5.331445387209122,0.0,0.0,kidney,0,KMT2E,KMT2E-201,5.271753015522461,0.37354192938209335,0.6264580706179066,0.0,0,False
COQ3,brain,0,EID2B,EID2B-201,5.315270390079486,0.0,0.0,kidney,0,ZMYND11,ZMYND11-214,5.230588626985079,0.27358720132542913,0.7264127986745709,0.0,0,False
TJAP1,brain,TJAP1-214,GTF2I,GTF2I-208,5.28929145791303,0.0,0.0,kidney,0,ZNF263,ZNF263-201,5.861349983412547,0.41515246897683156,0.5848475310231684,-2.36938192253512,Downregulated,False
KCNAB2,brain,0,KLF16,KLF16-201,5.288737478046328,0.0,0.0,kidney,0,MLXIPL,MLXIPL-206,5.792425268005264,0.0,0.0,-2.33997512391855,Downregulated,False
RUFY3,brain,RUFY3-201,CNOT7,CNOT7-201,5.2865292990510335,0.0,0.0,kidney,RUFY3-210,MLXIPL,MLXIPL-208,5.101974354848647,0.0,0.0,-1.5138230523156,Downregulated,False
SMYD3,brain,SMYD3-214,EID2B,EID2B-201,5.283627718090562,0.0,0.0,kidney,0,NFYA,NFYA-201,4.626825743296684,0.32140179436418004,0.67859820563582,-5.27346709102832,Downregulated,False
MAMLD1,brain,0,MNT,MNT-201,5.280374446229965,0.0,0.0,kidney,MAMLD1-206,JARID2,JARID2-202,5.404126165218799,0.28022516465735325,0.7197748353426467,0.0,0,False
TRUB1,brain,TRUB1-201,CNOT7,CNOT7-201,5.277144977900521,0.0,0.0,kidney,0,ZMYND11,ZMYND11-214,4.573733329620197,0.27358720132542913,0.7264127986745709,-4.72843721559525,Downregulated,False
AJM1,brain,0,KLF16,KLF16-201,5.272754381922002,0.0,0.0,kidney,0,CREBBP,CREBBP-201,4.494888737287393,0.4415698760249729,0.5584301239750271,-2.58896498847159,Downregulated,False
MRPS18B,brain,MRPS18B-206,TSG101,TSG101-201,5.267874016407851,0.0,0.0,kidney,0,RNF14,RNF14-203,6.127251567307332,0.3502539734556776,0.6497460265443225,-6.71200747753179,Downregulated,False
NALF2,brain,NALF2-201,ZBTB7A,ZBTB7A-201,5.256455383038091,0.0,0.0,kidney,0,BRCA1,BRCA1-201,4.364382567009424,0.2545314900153609,0.7454685099846391,-3.18907885674956,Downregulated,False
B3GAT1,brain,B3GAT1-202,TLE5,TLE5-202,5.25633287799492,0.0,0.0,kidney,0,MLXIPL,MLXIPL-211,4.445986145953293,0.0,0.0,-6.25870872511963,Downregulated,False
CFAP70,brain,0,RFX2,RFX2-201,5.255611581188237,0.0,0.0,kidney,0,TFAP2B,TFAP2B-202,4.982285942509526,0.0,0.0,0.0,0,False
NUMA1,brain,NUMA1-229,SRSF2,SRSF2-203,5.255540297642551,0.0,0.0,kidney,0,KMT2E,KMT2E-201,4.767481912746981,0.37354192938209335,0.6264580706179066,-5.3270347133573,Downregulated,False
PSENEN,brain,0,RUVBL1,RUVBL1-201,5.241454439189043,0.0,0.0,kidney,0,RNF14,RNF14-203,5.31657192868182,0.3502539734556776,0.6497460265443225,0.0,0,False
MXD4,brain,MXD4-201,THRA,THRA-203,5.24065931333099,0.0,0.0,kidney,0,HOXA11,HOXA11-201,4.84928830140514,0.0,0.0,-7.03249725907303,Downregulated,False
UBL5,brain,0,PARK7,PARK7-201,5.23931109142065,0.0,0.0,kidney,0,RNF14,RNF14-203,5.256818382955987,0.3502539734556776,0.6497460265443225,0.0,0,False
MLF2,brain,0,GTF2F1,GTF2F1-201,5.222719706747504,0.0,0.0,kidney,0,RNF14,RNF14-203,6.111260469074465,0.3502539734556776,0.6497460265443225,0.0,0,False
DMTN,brain,DMTN-201,PIN1,PIN1-201,5.214162276640218,0.0,0.0,kidney,0,NFIX,NFIX-202,4.9879380101422415,0.10337512054001928,0.8966248794599807,-1.74587612185794,Downregulated,False
MUS81,brain,0,PHF1,PHF1-202,5.209664616809362,0.0,0.0,kidney,0,ZNF263,ZNF263-201,7.279884193785168,0.41515246897683156,0.5848475310231684,0.0,0,False
CCDC126,brain,0,CDC5L,CDC5L-201,5.189164060769581,0.0,0.0,kidney,0,CREBBP,CREBBP-201,4.724322371332497,0.4415698760249729,0.5584301239750271,0.0,0,False
NEK5,brain,NEK5-203,FOXJ1,FOXJ1-201,5.188327097154029,0.0,0.0,kidney,0,TFAP2B,TFAP2B-202,4.754236242833342,0.0,0.0,-1.81230073116542,Downregulated,False
SCFD2,brain,0,PA2G4,PA2G4-201,5.175966349091188,0.0,0.0,kidney,0,CREBBP,CREBBP-201,5.336404747349509,0.4415698760249729,0.5584301239750271,0.0,0,False
ACAD8,brain,0,SSRP1,SSRP1-201,5.143186619984969,0.0,0.0,kidney,0,ZMYND11,ZMYND11-214,4.470024125272544,0.27358720132542913,0.7264127986745709,0.0,0,False
RXRB,brain,RXRB-201,SND1,SND1-201,5.140818741733875,0.0,0.0,kidney,0,ZNF263,ZNF263-201,4.4068687261009805,0.41515246897683156,0.5848475310231684,-5.24424267375043,Downregulated,False
FST,brain,0,PPP1R13L,PPP1R13L-207,5.12459835589553,0.0,0.0,kidney,0,NFIX,NFIX-202,4.384138741893032,0.10337512054001928,0.8966248794599807,2.10146090989174,Upregulated,False
PYCR2,brain,PYCR2-208,DRAP1,DRAP1-201,5.115029349861098,0.0,0.0,kidney,0,CREBBP,CREBBP-201,4.555399316892503,0.4415698760249729,0.5584301239750271,-3.94550945027647,Downregulated,False
NAP1L4,brain,0,PHF5A,PHF5A-201,5.108630111117062,0.0,0.0,kidney,0,NFYA,NFYA-201,4.327232315196944,0.32140179436418004,0.67859820563582,0.0,0,False
MRPL46,brain,0,COPS5,COPS5-201,5.108159519668861,0.0,0.0,kidney,0,RNF14,RNF14-203,5.69108501709594,0.3502539734556776,0.6497460265443225,0.0,0,False
GTPBP10,brain,0,IKZF5,IKZF5-201,5.107323039584649,0.0,0.0,kidney,0,NFYA,NFYA-201,4.619282298928296,0.32140179436418004,0.67859820563582,0.0,0,False
BAD,brain,0,PARK7,PARK7-201,5.101457180074356,0.0,0.0,kidney,0,NFIX,NFIX-202,5.7428702214115255,0.10337512054001928,0.8966248794599807,0.0,0,False
TRIM8,brain,0,TRIM8,TRIM8-201,5.086003133273657,0.0,0.0,kidney,0,NFIX,NFIX-202,4.715463353650062,0.10337512054001928,0.8966248794599807,0.0,0,False
MUL1,brain,MUL1-201,TFCP2,TFCP2-201,5.084998557449119,0.0,0.0,kidney,0,CREBBP,CREBBP-201,5.319781685749373,0.4415698760249729,0.5584301239750271,-5.31881239132805,Downregulated,False
ADIPOR1,brain,0,PA2G4,PA2G4-201,5.080153712245888,0.0,0.0,kidney,0,WWTR1,WWTR1-201,4.519144717453298,0.6341261585019862,0.36587384149801383,0.0,0,False
SMC1A,brain,0,SP1,SP1-202,5.077956260343298,0.0,0.0,kidney,0,HIVEP2,HIVEP2-202,5.551541601146584,0.2589950000544657,0.7410049999455344,0.0,0,False
MED24,brain,MED24-204,MNT,MNT-201,5.073993609343246,0.0,0.0,kidney,0,ZNF263,ZNF263-201,5.672155100253288,0.41515246897683156,0.5848475310231684,0.0,0,False
AREL1,brain,AREL1-201,MED1,MED1-201,5.067253259488272,0.0,0.0,kidney,0,CREBBP,CREBBP-201,4.710803357530807,0.4415698760249729,0.5584301239750271,-3.80772104801607,Downregulated,False
ANKRD39,brain,ANKRD39-201,MEIS3,MEIS3-204,5.051374016675745,0.0,0.0,kidney,0,NFIX,NFIX-202,7.92714488146897,0.10337512054001928,0.8966248794599807,-5.98432056585697,Downregulated,False
HSDL2,brain,HSDL2-202,ZNF521,ZNF521-201,5.050901255837304,0.0,0.0,kidney,0,RNF14,RNF14-203,4.590652836459145,0.3502539734556776,0.6497460265443225,-6.00647983101173,Downregulated,False
GLI4,brain,GLI4-211,MZF1,MZF1-207,5.049938697550864,0.0,0.0,kidney,0,CREBBP,CREBBP-201,4.471139647882152,0.4415698760249729,0.5584301239750271,-3.82235178150511,Downregulated,False
ZNF706,brain,0,CNOT7,CNOT7-201,5.048200818137055,0.0,0.0,kidney,0,ZNF263,ZNF263-201,7.336673423649446,0.41515246897683156,0.5848475310231684,0.0,0,False
MBLAC2,brain,0,ZNF711,ZNF711-203,5.047851474368501,0.0,0.0,kidney,0,ZMYND11,ZMYND11-206,5.606903801994536,0.26965605644939095,0.730343943550609,-1.61275195071148,Downregulated,False
E2F1,brain,0,E2F1,E2F1-201,5.047022328142434,0.0,0.0,kidney,0,BRCA1,BRCA1-201,6.420108332528507,0.2545314900153609,0.7454685099846391,-2.63062297848276,Downregulated,False
CDH2,brain,0,CDC5L,CDC5L-201,5.042829515723045,0.0,0.0,kidney,0,NR1H4,NR1H4-209,4.382031745555712,0.0,0.0,-1.74297233455757,Downregulated,False
MCRS1,brain,MCRS1-201,COPS5,COPS5-201,5.040040829479416,0.0,0.0,kidney,0,CREBBP,CREBBP-201,5.389564636516249,0.4415698760249729,0.5584301239750271,-5.92567607576916,Downregulated,False
NSFL1C,brain,NSFL1C-212,CREB3,CREB3-201,5.03955082294453,0.0,0.0,kidney,0,NFYA,NFYA-201,4.871614766486198,0.32140179436418004,0.67859820563582,-6.92399765065627,Downregulated,False
TM2D2,brain,TM2D2-202,CDC5L,CDC5L-201,5.03665174187974,0.0,0.0,kidney,0,NFIX,NFIX-202,5.051806534212267,0.10337512054001928,0.8966248794599807,-4.72520981866022,Downregulated,False
ZXDC,brain,ZXDC-203,DMAP1,DMAP1-214,5.0335133075379135,0.0,0.0,kidney,0,CREBBP,CREBBP-201,4.850590191745419,0.4415698760249729,0.5584301239750271,-3.00212620279075,Downregulated,False
MAP1A,brain,0,PIN1,PIN1-201,5.032491490255247,0.0,0.0,kidney,0,CREBBP,CREBBP-201,4.680371218335182,0.4415698760249729,0.5584301239750271,-6.44924597429399,Downregulated,False
PEX14,brain,0,GTF2F1,GTF2F1-201,5.02982610564636,0.0,0.0,kidney,0,NFYA,NFYA-201,4.5194607565649205,0.32140179436418004,0.67859820563582,0.0,0,False
ELMO2,brain,ELMO2-201,NONO,NONO-201,5.028988108506217,0.0,0.0,kidney,0,ZNF263,ZNF263-201,4.877641648300462,0.41515246897683156,0.5848475310231684,-5.02577393507181,Downregulated,False
TMOD1,brain,0,TSC22D1,TSC22D1-203,5.02266252826445,0.0,0.0,kidney,0,ZMYND11,ZMYND11-202,4.381949814840436,0.19132870539520158,0.8086712946047985,-1.84605979653091,Downregulated,False
TMEM33,brain,TMEM33-202,CDC5L,CDC5L-201,5.021652907256681,0.0,0.0,kidney,0,CREBBP,CREBBP-201,4.729262686986491,0.4415698760249729,0.5584301239750271,-4.46023904085168,Downregulated,False
TPPP3,brain,TPPP3-201,HES6,HES6-201,5.007962825249636,0.0,0.0,kidney,0,RNF14,RNF14-203,4.3471248472033,0.3502539734556776,0.6497460265443225,-1.80756883428191,Downregulated,False
PKD1,brain,0,SIN3B,SIN3B-201,5.007935941448056,0.0,0.0,kidney,PKD1-208,NFIX,NFIX-202,4.369039208990669,0.10337512054001928,0.8966248794599807,0.0,0,False
CDS2,brain,0,PBX2,PBX2-201,5.002426057177363,0.0,0.0,kidney,0,NFYA,NFYA-201,6.094593889998379,0.32140179436418004,0.67859820563582,0.0,0,False
MSTO1,brain,MSTO1-201,ZSCAN18,ZSCAN18-203,4.993749802602085,0.0,0.0,kidney,0,GTF2IRD1,GTF2IRD1-202,4.767452825744984,0.6566044155451385,0.3433955844548615,-4.41432437923018,Downregulated,False
ZFYVE19,brain,0,AIP,AIP-201,4.986517438384971,0.0,0.0,kidney,0,ZNF263,ZNF263-201,6.581000032470189,0.41515246897683156,0.5848475310231684,0.0,0,False
INF2,brain,INF2-210,E2F1,E2F1-201,4.985979284229323,0.0,0.0,kidney,0,WWTR1,WWTR1-203,4.333278569173089,0.5821632319369551,0.4178367680630449,-5.044247376395,Downregulated,False
GUCY1B1,brain,0,CAMTA1,CAMTA1-201,4.985507233533867,0.0,0.0,kidney,0,NFIX,NFIX-202,4.621040029293955,0.10337512054001928,0.8966248794599807,-1.77090266372602,Downregulated,False
UQCRQ,brain,0,PARK7,PARK7-201,4.984597786013582,0.0,0.0,kidney,0,NR1H4,NR1H4-208,5.537688842223167,0.0,0.0,0.0,0,False
BOLA3,brain,BOLA3-201,DRAP1,DRAP1-201,4.984507670796298,0.0,0.0,kidney,0,RNF14,RNF14-203,5.205705595605798,0.3502539734556776,0.6497460265443225,-6.78083381297011,Downregulated,False
YPEL4,brain,0,PRDM2,PRDM2-204,4.984442764166996,0.0,0.0,kidney,0,GTF2IRD1,GTF2IRD1-205,4.344466202186501,0.6043780193236712,0.3956219806763288,-4.38435015743733,Downregulated,False
SDHD,brain,SDHD-201,TSG101,TSG101-201,4.975844116957322,0.0,0.0,kidney,0,NR1H4,NR1H4-208,6.743055336314478,0.0,0.0,-7.59456370698565,Downregulated,False
ZMYND10,brain,ZMYND10-209,FOXJ1,FOXJ1-201,4.968429843099501,0.0,0.0,kidney,ZMYND10-204,CREBBP,CREBBP-201,5.705716631549923,0.4415698760249729,0.5584301239750271,-2.13752054088471,Downregulated,False
ATP6V0D1,brain,0,PIN1,PIN1-201,4.964796913046554,0.0,0.0,kidney,0,NFYA,NFYA-201,4.6814459746155,0.32140179436418004,0.67859820563582,0.0,0,False
MRPS33,brain,MRPS33-202,CREBL2,CREBL2-201,4.938656269436394,0.0,0.0,kidney,0,RNF14,RNF14-203,5.041314810825445,0.3502539734556776,0.6497460265443225,-5.99672995916854,Downregulated,False
KIF1C,brain,KIF1C-201,TCFL5,TCFL5-201,4.937028067099459,0.0,0.0,kidney,0,ZNF263,ZNF263-201,6.198368121188384,0.41515246897683156,0.5848475310231684,-2.0160667375374,Downregulated,False
SPRYD3,brain,SPRYD3-201,MEIS3,MEIS3-204,4.933067639052948,0.0,0.0,kidney,0,RNF14,RNF14-203,7.865236065914674,0.3502539734556776,0.6497460265443225,-1.65141069251873,Downregulated,False
KIF4A,brain,0,FOXJ1,FOXJ1-201,4.932227369759591,0.0,0.0,kidney,0,E2F2,E2F2-201,4.428920942111237,0.0,0.0,0.0,0,False
NUP93,brain,0,GTF2F1,GTF2F1-201,4.923679119962932,0.0,0.0,kidney,0,NFYA,NFYA-201,4.483306272696869,0.32140179436418004,0.67859820563582,0.0,0,False
MRPL12,brain,0,DRAP1,DRAP1-201,4.919173837285856,0.0,0.0,kidney,0,RNF14,RNF14-203,5.347529771452523,0.3502539734556776,0.6497460265443225,0.0,0,False
GTF3C6,brain,0,PARK7,PARK7-201,4.917753928993126,0.0,0.0,kidney,0,RNF14,RNF14-203,5.694989344073531,0.3502539734556776,0.6497460265443225,0.0,0,False
AAMP,brain,0,GTF2F1,GTF2F1-201,4.91391005000615,0.0,0.0,kidney,0,NFYA,NFYA-201,4.471055077847238,0.32140179436418004,0.67859820563582,0.0,0,False
UBR5,brain,UBR5-204,MBD1,MBD1-224,4.9017585787460005,0.0,0.0,kidney,0,CREBBP,CREBBP-201,5.55467614861407,0.4415698760249729,0.5584301239750271,-4.86265334438397,Downregulated,False
RAB3D,brain,RAB3D-201,SRF,SRF-201,4.895291272861929,0.0,0.0,kidney,0,CREBBP,CREBBP-201,5.497847461584345,0.4415698760249729,0.5584301239750271,-4.22942566907734,Downregulated,False
HIPK1,brain,HIPK1-202,PBRM1,PBRM1-203,4.890403687424645,0.0,0.0,kidney,0,NFIX,NFIX-202,4.543140521802679,0.10337512054001928,0.8966248794599807,-5.57782170950386,Downregulated,False
PKIA,brain,0,CNOT7,CNOT7-201,4.888565775913003,0.0,0.0,kidney,0,GTF2IRD1,GTF2IRD1-202,4.480659918701244,0.6566044155451385,0.3433955844548615,-4.72165455285097,Downregulated,False
CHD9,brain,0,PBRM1,PBRM1-203,4.888498613829348,0.0,0.0,kidney,0,NFIX,NFIX-202,4.871916963187822,0.10337512054001928,0.8966248794599807,0.0,0,False
CINP,brain,CINP-201,PHF5A,PHF5A-201,4.888139245544417,0.0,0.0,kidney,0,RNF14,RNF14-203,4.911493470467953,0.3502539734556776,0.6497460265443225,-6.17844293167327,Downregulated,False
TXN,brain,TXN-202,GTF2B,GTF2B-201,4.883301716130798,0.0,0.0,kidney,0,RNF14,RNF14-203,4.558935710169337,0.3502539734556776,0.6497460265443225,-9.40518215501436,Downregulated,False
EXOC4,brain,EXOC4-201,TERF2,TERF2-201,4.881929435018278,0.0,0.0,kidney,0,NFIX,NFIX-202,6.418025557053432,0.10337512054001928,0.8966248794599807,-5.72073035182145,Downregulated,False
MATR3,brain,0,EID1,EID1-201,4.879586987228944,0.0,0.0,kidney,MATR3-211,NFYA,NFYA-201,6.004498607999189,0.32140179436418004,0.67859820563582,-1.73386676065321,Downregulated,False
HDHD3,brain,HDHD3-202,TRIM8,TRIM8-201,4.879005103773511,0.0,0.0,kidney,0,MLXIPL,MLXIPL-201,6.152840314967727,0.0,0.0,2.1227858466402,Upregulated,False
DPF2,brain,DPF2-201,PHF20,PHF20-203,4.878671002372475,0.0,0.0,kidney,0,CREBBP,CREBBP-201,5.623617855536618,0.4415698760249729,0.5584301239750271,-5.55515583344305,Downregulated,False
TBKBP1,brain,TBKBP1-203,CC2D1A,CC2D1A-201,4.877979399874547,0.0,0.0,kidney,0,NFIX,NFIX-202,4.544403106770425,0.10337512054001928,0.8966248794599807,-3.73896376623766,Downregulated,False
ALG12,brain,ALG12-201,NSD1,NSD1-202,4.86647259065306,0.0,0.0,kidney,0,CREBBP,CREBBP-201,5.083166276689467,0.4415698760249729,0.5584301239750271,-3.10861753321996,Downregulated,False
ABCA2,brain,ABCA2-208,MYRF,MYRF-201,4.860305881014823,0.0,0.0,kidney,0,ZNF263,ZNF263-201,4.753647915309837,0.41515246897683156,0.5848475310231684,-2.86508037101432,Downregulated,False
CPNE8,brain,CPNE8-201,ZNF395,ZNF395-201,4.856966518912485,0.0,0.0,kidney,0,KMT2E,KMT2E-201,4.347980109335117,0.37354192938209335,0.6264580706179066,-4.34768955585305,Downregulated,False
SCYL1,brain,SCYL1-202,GTF2F1,GTF2F1-201,4.854471770899071,0.0,0.0,kidney,0,CREBBP,CREBBP-201,5.242735159892075,0.4415698760249729,0.5584301239750271,-5.50928258967711,Downregulated,False
TRIL,brain,TRIL-201,NR2E1,NR2E1-202,4.854348610601729,0.0,0.0,kidney,0,HOXA11,HOXA11-201,4.504720506123032,0.0,0.0,-2.77710691208975,Downregulated,False
STK25,brain,STK25-202,TLE5,TLE5-202,4.8484258844440165,0.0,0.0,kidney,0,NFIX,NFIX-202,5.166335980156739,0.10337512054001928,0.8966248794599807,-7.03505960355824,Downregulated,False
ZNF281,brain,0,ZNF281,ZNF281-201,4.840258223110239,0.0,0.0,kidney,0,CREBBP,CREBBP-201,4.8553281927411405,0.4415698760249729,0.5584301239750271,0.0,0,False
UBQLN1,brain,UBQLN1-202,GTF2B,GTF2B-201,4.839877997333211,0.0,0.0,kidney,0,NFYA,NFYA-201,4.667847026293326,0.32140179436418004,0.67859820563582,-6.84539965279812,Downregulated,False
JTB,brain,0,DRAP1,DRAP1-201,4.832382325130802,0.0,0.0,kidney,0,ZNF263,ZNF263-201,4.600969768980254,0.41515246897683156,0.5848475310231684,0.0,0,False
GLIPR1,brain,GLIPR1-201,MAF,MAF-202,4.831949571425022,0.0,0.0,kidney,0,CREBBP,CREBBP-201,4.345615266834827,0.4415698760249729,0.5584301239750271,-2.96160692675001,Downregulated,False
CHCHD10,brain,CHCHD10-202,GTF3A,GTF3A-201,4.829579115469381,0.0,0.0,kidney,0,RNF14,RNF14-203,4.453418883913325,0.3502539734556776,0.6497460265443225,-5.09297518139062,Downregulated,False
RUNDC3A,brain,RUNDC3A-205,MEIS3,MEIS3-204,4.8292081001641165,0.0,0.0,kidney,0,KMT2E,KMT2E-208,5.724142632506841,0.18923159344864526,0.8107684065513547,-6.77941753625174,Downregulated,False
FBXO44,brain,FBXO44-204,PIN1,PIN1-201,4.824572546773681,0.0,0.0,kidney,0,ZNF263,ZNF263-201,4.757347753774996,0.41515246897683156,0.5848475310231684,-8.17317870028087,Downregulated,False
CEP70,brain,CEP70-210,HMGB1,HMGB1-201,4.823292010034022,0.0,0.0,kidney,0,NFYA,NFYA-201,5.458443299803304,0.32140179436418004,0.67859820563582,-2.86607171754088,Downregulated,False
ARID5A,brain,ARID5A-201,YBX3,YBX3-208,4.820639444387415,0.0,0.0,kidney,0,GTF2IRD1,GTF2IRD1-206,5.255614926433441,0.6012047457568017,0.3987952542431983,-4.87245782103547,Downregulated,False
HAGH,brain,HAGH-201,PIN1,PIN1-201,4.816828017215078,0.0,0.0,kidney,0,NR1H4,NR1H4-208,6.365920956161477,0.0,0.0,-7.86002787229307,Downregulated,False
DNAJC8,brain,DNAJC8-205,PHB1,PHB1-203,4.816425632740506,0.0,0.0,kidney,0,ZNF263,ZNF263-201,5.320278052068262,0.41515246897683156,0.5848475310231684,-7.45669874334767,Downregulated,False
HERC2,brain,HERC2-201,ASH1L,ASH1L-201,4.805986170008024,0.0,0.0,kidney,0,HOXA11,HOXA11-201,4.799613630978464,0.0,0.0,-4.21423389558598,Downregulated,False
PHLDB1,brain,PHLDB1-205,MYRF,MYRF-207,4.805913828256393,0.0,0.0,kidney,PHLDB1-223,ZMYND11,ZMYND11-206,6.116793521574714,0.26965605644939095,0.730343943550609,0.0,0,False
EXOC5,brain,EXOC5-202,CLOCK,CLOCK-201,4.7958740969032565,0.0,0.0,kidney,0,WWTR1,WWTR1-203,6.393931475767379,0.5821632319369551,0.4178367680630449,-5.3358691128874,Downregulated,False
MCUB,brain,0,AIRE,AIRE-205,4.795141299290719,0.0,0.0,kidney,MCUB-201,HIVEP2,HIVEP2-202,4.827957827287635,0.2589950000544657,0.7410049999455344,0.0,0,False
XRCC6,brain,XRCC6-203,GTF2F1,GTF2F1-201,4.7941082414911325,0.0,0.0,kidney,0,HIVEP2,HIVEP2-202,5.490116570036702,0.2589950000544657,0.7410049999455344,-6.41476662226196,Downregulated,False
MIEF1,brain,MIEF1-201,APEX1,APEX1-201,4.787788478984824,0.0,0.0,kidney,0,RNF14,RNF14-203,6.113992257688487,0.3502539734556776,0.6497460265443225,-4.93877338942991,Downregulated,False
ANKRA2,brain,ANKRA2-201,GTF2A1,GTF2A1-203,4.7803158588814325,0.0,0.0,kidney,0,KMT2E,KMT2E-201,4.733478688173834,0.37354192938209335,0.6264580706179066,-4.39629122108172,Downregulated,False
EIF4G2,brain,0,CGGBP1,CGGBP1-201,4.780133945065064,0.0,0.0,kidney,0,RNF14,RNF14-203,4.8259457899930975,0.3502539734556776,0.6497460265443225,0.0,0,False
SOD1,brain,0,PARK7,PARK7-201,4.77961720323366,0.0,0.0,kidney,0,RNF14,RNF14-203,4.597295657563279,0.3502539734556776,0.6497460265443225,0.0,0,False
HPCAL4,brain,0,MEIS3,MEIS3-204,4.776355399318999,0.0,0.0,kidney,0,GTF2IRD1,GTF2IRD1-201,4.817521198272447,0.0,0.0,-4.4005616223687,Downregulated,False
ANKZF1,brain,0,XPC,XPC-201,4.774976436034213,0.0,0.0,kidney,0,KMT2E,KMT2E-201,4.543577925314659,0.37354192938209335,0.6264580706179066,0.0,0,False
C22orf39,brain,0,EID1,EID1-201,4.761989385089565,0.0,0.0,kidney,0,ZNF263,ZNF263-201,4.475980789717179,0.41515246897683156,0.5848475310231684,0.0,0,False
BRAF,brain,0,PA2G4,PA2G4-201,4.757067786753871,0.0,0.0,kidney,0,KMT2E,KMT2E-203,4.425767656520929,0.38879311291438357,0.6112068870856164,0.0,0,False
DVL2,brain,DVL2-213,L3MBTL1,L3MBTL1-201,4.755225326797655,0.0,0.0,kidney,DVL2-203,CREBBP,CREBBP-212,4.715185321638979,0.0,0.0,0.0,0,False
HOMER3,brain,HOMER3-202,HMG20B,HMG20B-202,4.753717838042064,0.0,0.0,kidney,0,CREBBP,CREBBP-201,4.502794401702686,0.4415698760249729,0.5584301239750271,-6.21936485974586,Downregulated,False
ANLN,brain,ANLN-202,SMARCC1,SMARCC1-201,4.749646555655427,0.0,0.0,kidney,0,E2F2,E2F2-201,5.269937939916487,0.0,0.0,-6.53283743286447,Downregulated,False
NDUFS7,brain,0,AIP,AIP-201,4.748322003131346,0.0,0.0,kidney,0,RNF14,RNF14-203,5.252677438320643,0.3502539734556776,0.6497460265443225,0.0,0,False
MAFF,brain,MAFF-201,NFIL3,NFIL3-201,4.748225281446082,0.0,0.0,kidney,0,GTF2IRD1,GTF2IRD1-206,4.588911353666679,0.6012047457568017,0.3987952542431983,-5.19337694060738,Downregulated,False
WIPI2,brain,WIPI2-202,PHF20,PHF20-203,4.747937843726997,0.0,0.0,kidney,0,RNF14,RNF14-203,5.183930918288521,0.3502539734556776,0.6497460265443225,-6.07114330564784,Downregulated,False
CYB5R1,brain,0,HDAC3,HDAC3-201,4.746145687770343,0.0,0.0,kidney,0,NFYA,NFYA-201,4.918772516227267,0.32140179436418004,0.67859820563582,0.0,0,False
PSEN2,brain,0,GTF2F1,GTF2F1-201,4.7454448478749125,0.0,0.0,kidney,0,CREBBP,CREBBP-201,4.901924361444503,0.4415698760249729,0.5584301239750271,0.0,0,False
COX6A1,brain,COX6A1-201,NME2,NME2-202,4.737734402047968,0.0,0.0,kidney,0,RNF14,RNF14-203,4.326071584936594,0.3502539734556776,0.6497460265443225,-12.5036696563224,Downregulated,False
C2orf73,brain,0,FOXJ1,FOXJ1-201,4.735692619902341,0.0,0.0,kidney,0,TFAP2B,TFAP2B-202,4.530806815864222,0.0,0.0,-1.50379765927361,Downregulated,False
SLC17A7,brain,SLC17A7-201,EMX1,EMX1-206,4.735198241538876,0.0,0.0,kidney,0,JARID2,JARID2-202,5.244503123637432,0.28022516465735325,0.7197748353426467,-8.97288014437165,Downregulated,False
ZNF177,brain,0,NR2C2,NR2C2-213,4.733567904760133,0.0,0.0,kidney,0,ZNF263,ZNF263-201,4.340208240867225,0.41515246897683156,0.5848475310231684,0.0,0,False
VAC14,brain,VAC14-212,ZNF512B,ZNF512B-201,4.720312903934032,0.0,0.0,kidney,0,RNF14,RNF14-203,6.86352633496636,0.3502539734556776,0.6497460265443225,-3.24423506521347,Downregulated,False
BRAT1,brain,0,E4F1,E4F1-201,4.716163494846783,0.0,0.0,kidney,0,NFIX,NFIX-202,4.866816024968056,0.10337512054001928,0.8966248794599807,0.0,0,False
CCDC124,brain,CCDC124-201,PIN1,PIN1-201,4.707621742688247,0.0,0.0,kidney,CCDC124-201,NFIX,NFIX-202,5.538851006845951,0.10337512054001928,0.8966248794599807,0.0,0,False
MAD2L1,brain,0,NPM1,NPM1-204,4.695902454206001,0.0,0.0,kidney,0,MLXIPL,MLXIPL-202,5.472369915543056,0.663500699639627,0.336499300360373,0.0,0,False
METTL26,brain,METTL26-204,GTF3A,GTF3A-201,4.695385723343032,0.0,0.0,kidney,0,ZNF263,ZNF263-201,4.476735977435706,0.41515246897683156,0.5848475310231684,-4.29692032901797,Downregulated,False
PURA,brain,0,PURA,PURA-201,4.694101425077748,0.0,0.0,kidney,0,NFYA,NFYA-201,5.489188370920082,0.32140179436418004,0.67859820563582,0.0,0,False
BLMH,brain,0,SSRP1,SSRP1-201,4.6915719824867,0.0,0.0,kidney,0,ZNF263,ZNF263-201,4.463576190202999,0.41515246897683156,0.5848475310231684,0.0,0,False
JMY,brain,0,ZNF260,ZNF260-202,4.6906404620327775,0.0,0.0,kidney,0,KMT2E,KMT2E-201,4.879728591023231,0.37354192938209335,0.6264580706179066,0.0,0,False
PPP1R8,brain,0,GTF2B,GTF2B-201,4.68786588910059,0.0,0.0,kidney,0,NFIX,NFIX-202,5.149226897141619,0.10337512054001928,0.8966248794599807,0.0,0,False
TMED7,brain,0,ZNF260,ZNF260-202,4.685205130540282,0.0,0.0,kidney,0,HIVEP2,HIVEP2-202,5.88143426694043,0.2589950000544657,0.7410049999455344,0.0,0,False
KIF13A,brain,KIF13A-207,CEBPZ,CEBPZ-201,4.680902839620052,0.0,0.0,kidney,0,NFIX,NFIX-202,4.397860404550084,0.10337512054001928,0.8966248794599807,-3.35934943143982,Downregulated,False
ABCF3,brain,0,GTF2F1,GTF2F1-201,4.67753786470429,0.0,0.0,kidney,0,CREBBP,CREBBP-201,4.694273854512674,0.4415698760249729,0.5584301239750271,0.0,0,False
COA8,brain,0,PARK7,PARK7-201,4.674509871590415,0.0,0.0,kidney,0,RNF14,RNF14-203,4.474538443526159,0.3502539734556776,0.6497460265443225,0.0,0,False
TRIM23,brain,TRIM23-201,RNF14,RNF14-203,4.673890540478811,0.6497460265443223,0.35025397345567766,kidney,0,CREBBP,CREBBP-201,4.739856808529198,0.4415698760249729,0.5584301239750271,-1.69699785684229,Downregulated,False
BICD1,brain,BICD1-203,CLOCK,CLOCK-201,4.670939908998293,0.0,0.0,kidney,0,ZNF263,ZNF263-201,4.764066238432229,0.41515246897683156,0.5848475310231684,-3.18729228293949,Downregulated,False
PCDHGB1,brain,0,RFX4,RFX4-203,4.670754203424074,0.0,0.0,kidney,0,ZNF263,ZNF263-207,5.138304222694963,0.0,0.0,-2.92595155629925,Downregulated,False
NHERF1,brain,NHERF1-202,EMX2,EMX2-204,4.669953607202888,0.0,0.0,kidney,0,MLXIPL,MLXIPL-208,4.71218480278504,0.0,0.0,-6.57535732348151,Downregulated,False
ZNF672,brain,ZNF672-201,IRF2BPL,IRF2BPL-201,4.664960583520899,0.0,0.0,kidney,0,ZNF263,ZNF263-201,4.516978643712067,0.41515246897683156,0.5848475310231684,-5.48152236940286,Downregulated,False
RMND5B,brain,0,GTF2F1,GTF2F1-201,4.664330258770013,0.0,0.0,kidney,0,HOXA11,HOXA11-201,4.580996759654899,0.0,0.0,0.0,0,False
ZNF512,brain,ZNF512-206,FOXJ3,FOXJ3-203,4.662289310687822,0.0,0.0,kidney,0,ZNF263,ZNF263-201,4.723414602374462,0.41515246897683156,0.5848475310231684,-4.58281531396429,Downregulated,False
RANBP9,brain,RANBP9-201,CGGBP1,CGGBP1-201,4.661022383523457,0.0,0.0,kidney,RANBP9-201,CREBBP,CREBBP-201,4.890409335619882,0.4415698760249729,0.5584301239750271,0.0,0,False
CIAO1,brain,0,ZNF134,ZNF134-201,4.660738185640545,0.0,0.0,kidney,0,RNF14,RNF14-203,4.524617324713244,0.3502539734556776,0.6497460265443225,0.0,0,False
ZBTB7A,brain,0,ZBTB7A,ZBTB7A-201,4.660253748333039,0.0,0.0,kidney,0,CREBBP,CREBBP-201,5.300054857261856,0.4415698760249729,0.5584301239750271,0.0,0,False
TMEM231,brain,TMEM231-201,FOXJ1,FOXJ1-201,4.658589753254153,0.0,0.0,kidney,0,CREBBP,CREBBP-201,4.495822974403718,0.4415698760249729,0.5584301239750271,0.0,0,False
VEGFA,brain,0,LIMD1,LIMD1-201,4.648130951058189,0.0,0.0,kidney,0,WWTR1,WWTR1-201,5.856336426059558,0.6341261585019862,0.36587384149801383,2.45235751747874,Upregulated,False
MTHFD2L,brain,0,RNF14,RNF14-203,4.647576811648543,0.6497460265443223,0.35025397345567766,kidney,0,ZMYND11,ZMYND11-206,5.087299584675965,0.26965605644939095,0.730343943550609,0.0,0,False
DNALI1,brain,DNALI1-205,RFX2,RFX2-201,4.645268165953864,0.0,0.0,kidney,0,NFYA,NFYA-201,5.226256570504469,0.32140179436418004,0.67859820563582,-2.61092039477941,Downregulated,False
GPC1,brain,GPC1-209,RBFOX2,RBFOX2-211,4.644466903312934,0.0,0.0,kidney,0,HIVEP2,HIVEP2-202,4.905444693537151,0.2589950000544657,0.7410049999455344,-3.83139315513696,Downregulated,False
SLC41A2,brain,SLC41A2-201,TP53BP1,TP53BP1-203,4.643097664603306,0.0,0.0,kidney,0,NFYA,NFYA-201,4.785537320047304,0.32140179436418004,0.67859820563582,-2.80771070033641,Downregulated,False
HECW1,brain,HECW1-201,CAMTA1,CAMTA1-201,4.641942893889765,0.0,0.0,kidney,HECW1-203,MLXIPL,MLXIPL-201,4.322456436865295,0.0,0.0,-2.80379643099463,Downregulated,False
PGP,brain,PGP-201,PIN1,PIN1-201,4.637265935242453,0.0,0.0,kidney,0,CREBBP,CREBBP-201,5.31509175275214,0.4415698760249729,0.5584301239750271,-6.11302235871587,Downregulated,False
HDAC8,brain,HDAC8-207,COPS5,COPS5-201,4.632638760015966,0.0,0.0,kidney,0,RNF14,RNF14-203,4.839567561477054,0.3502539734556776,0.6497460265443225,-4.37796694364113,Downregulated,False
FBXO11,brain,0,ZNF134,ZNF134-201,4.629455983121184,0.0,0.0,kidney,0,NFYA,NFYA-201,6.032779635073653,0.32140179436418004,0.67859820563582,0.0,0,False
TMEM41A,brain,TMEM41A-203,ATF6,ATF6-201,4.628502707714345,0.0,0.0,kidney,0,CREBBP,CREBBP-201,4.596172525764008,0.4415698760249729,0.5584301239750271,-4.71483391280715,Downregulated,False
UBE2I,brain,UBE2I-206,TSG101,TSG101-201,4.627862439199562,0.0,0.0,kidney,0,NFYA,NFYA-201,5.758411426301033,0.32140179436418004,0.67859820563582,-5.66762685326365,Downregulated,False
ZNF609,brain,ZNF609-201,ARNT,ARNT-202,4.624573676575412,0.0,0.0,kidney,0,NFYA,NFYA-201,4.538584550672808,0.32140179436418004,0.67859820563582,-4.6006324127125,Downregulated,False
RRAGC,brain,RRAGC-201,ATF6,ATF6-201,4.623467841269227,0.0,0.0,kidney,0,NFIX,NFIX-202,4.481378190728021,0.10337512054001928,0.8966248794599807,-5.56083195084311,Downregulated,False
TERF2IP,brain,0,COPS5,COPS5-201,4.6231897730641744,0.0,0.0,kidney,0,CREBBP,CREBBP-201,4.376434602266647,0.4415698760249729,0.5584301239750271,-1.94383026258561,Downregulated,False
TUG1,brain,TUG1-201,RBAK,RBAK-202,4.614523175959431,0.0,0.0,kidney,0,NFYA,NFYA-201,4.460901832229667,0.32140179436418004,0.67859820563582,-6.56888085582238,Downregulated,False
WDFY2,brain,WDFY2-201,SP1,SP1-202,4.612334527082158,0.0,0.0,kidney,0,CREBBP,CREBBP-201,4.39053246597605,0.4415698760249729,0.5584301239750271,-4.19051992340584,Downregulated,False
INO80C,brain,INO80C-203,ATOH7,ATOH7-201,4.607597322240768,0.0,0.0,kidney,0,RNF14,RNF14-203,4.587172411001648,0.3502539734556776,0.6497460265443225,-4.78864729514117,Downregulated,False
GJC2,brain,GJC2-201,SOX8,SOX8-201,4.5963155877959965,0.0,0.0,kidney,0,CREBBP,CREBBP-201,4.723983860735304,0.4415698760249729,0.5584301239750271,-3.29861895824664,Downregulated,False
ECT2L,brain,0,FOXJ1,FOXJ1-201,4.59215308467729,0.0,0.0,kidney,0,ZNF263,ZNF263-201,6.519902204949993,0.41515246897683156,0.5848475310231684,0.0,0,False
LARGE1,brain,LARGE1-201,LMO4,LMO4-201,4.5890690511128,0.0,0.0,kidney,0,NFIX,NFIX-202,4.51926361508761,0.10337512054001928,0.8966248794599807,-4.68562985544097,Downregulated,False
RBM5,brain,RBM5-218,SSRP1,SSRP1-202,4.5828057062662015,0.0,0.0,kidney,RBM5-225,ZNF195,ZNF195-204,4.935782235057566,0.2696888704362041,0.7303111295637958,1.9852713673885,Upregulated,False
FKBP3,brain,FKBP3-202,ZNF32,ZNF32-201,4.581864663185209,0.0,0.0,kidney,0,ZMYND11,ZMYND11-214,4.424361746015591,0.27358720132542913,0.7264127986745709,-8.41362345130862,Downregulated,False
CDKL5,brain,0,RBFOX2,RBFOX2-205,4.581716183131691,0.0,0.0,kidney,CDKL5-205,CREBBP,CREBBP-201,5.23036039685608,0.4415698760249729,0.5584301239750271,-1.51970361744737,Downregulated,False
ZNF236,brain,ZNF236-201,NR2C2,NR2C2-213,4.579081645135943,0.0,0.0,kidney,0,CREBBP,CREBBP-201,6.025534146905776,0.4415698760249729,0.5584301239750271,-3.10836268287762,Downregulated,False
MAGEH1,brain,0,EID1,EID1-201,4.575114192846259,0.0,0.0,kidney,0,HOXA11,HOXA11-201,4.539600375115586,0.0,0.0,-1.50729279175263,Downregulated,False
KPNB1,brain,KPNB1-201,SND1,SND1-201,4.572049181956924,0.0,0.0,kidney,0,KMT2E,KMT2E-201,4.56693440004286,0.37354192938209335,0.6264580706179066,-6.51157845263817,Downregulated,False
ZFYVE21,brain,ZFYVE21-207,HDAC1,HDAC1-206,4.569354655921445,0.0,0.0,kidney,0,NFIX,NFIX-202,4.330661364329277,0.10337512054001928,0.8966248794599807,-4.00162142855424,Downregulated,False
RYR2,brain,RYR2-201,SIN3B,SIN3B-201,4.564692046979225,0.0,0.0,kidney,0,NFYA,NFYA-201,4.364407167817051,0.32140179436418004,0.67859820563582,-3.68641976687792,Downregulated,False
SLC25A51,brain,SLC25A51-201,ZNF8,ZNF8-201,4.564204123774598,0.0,0.0,kidney,0,RNF14,RNF14-203,4.506893246684093,0.3502539734556776,0.6497460265443225,-2.69411707849056,Downregulated,False
TMEM134,brain,TMEM134-201,TRIM28,TRIM28-201,4.563817538117051,0.0,0.0,kidney,0,ZNF263,ZNF263-201,5.317291729057992,0.41515246897683156,0.5848475310231684,0.0,0,False
POGZ,brain,0,SRSF2,SRSF2-203,4.562617775386604,0.0,0.0,kidney,0,ZNF263,ZNF263-201,4.806196478299181,0.41515246897683156,0.5848475310231684,0.0,0,False
PDRG1,brain,0,GTF2F1,GTF2F1-201,4.562319205168324,0.0,0.0,kidney,0,RNF14,RNF14-203,4.437441013665499,0.3502539734556776,0.6497460265443225,0.0,0,False
FAM53C,brain,FAM53C-201,ZNF335,ZNF335-201,4.559354979814143,0.0,0.0,kidney,0,CREBBP,CREBBP-201,5.38178045331272,0.4415698760249729,0.5584301239750271,-6.05071086835315,Downregulated,False
SNRNP200,brain,SNRNP200-201,NCOA4,NCOA4-204,4.555235884562612,0.0,0.0,kidney,0,NFIX,NFIX-202,5.201093860153537,0.10337512054001928,0.8966248794599807,-5.43708790846734,Downregulated,False
THAP4,brain,0,ENO1,ENO1-201,4.552332021024197,0.0,0.0,kidney,0,NFIX,NFIX-202,4.891588556762523,0.10337512054001928,0.8966248794599807,0.0,0,False
NEIL2,brain,0,APEX1,APEX1-201,4.548299397517823,0.0,0.0,kidney,0,NFYA,NFYA-201,5.2767813482859385,0.32140179436418004,0.67859820563582,0.0,0,False
FBXW5,brain,FBXW5-201,TLE5,TLE5-202,4.547557340544599,0.0,0.0,kidney,0,CREBBP,CREBBP-201,5.676133097347682,0.4415698760249729,0.5584301239750271,-7.39110792737164,Downregulated,False
THUMPD1,brain,THUMPD1-202,ASH1L,ASH1L-202,4.545751380213392,0.0,0.0,kidney,0,CREBBP,CREBBP-201,5.477687853355061,0.4415698760249729,0.5584301239750271,-1.74809655279118,Downregulated,False
IQCG,brain,IQCG-209,FOXJ1,FOXJ1-201,4.543006404324517,0.0,0.0,kidney,0,NFIX,NFIX-202,4.431768323518604,0.10337512054001928,0.8966248794599807,-3.13838093435008,Downregulated,False
SNX2,brain,0,CREG1,CREG1-201,4.539325776874088,0.0,0.0,kidney,0,NFIX,NFIX-202,7.157192496156909,0.10337512054001928,0.8966248794599807,0.0,0,False
DBNDD2,brain,DBNDD2-203,VAX1,VAX1-202,4.534261509803986,0.0,0.0,kidney,0,CREBBP,CREBBP-201,6.221785023672767,0.4415698760249729,0.5584301239750271,-3.65513333187147,Downregulated,False
ARHGAP6,brain,0,KLF5,KLF5-205,4.522763891882756,0.0,0.0,kidney,0,CREBBP,CREBBP-201,5.31189744867618,0.4415698760249729,0.5584301239750271,0.0,0,False
SF1,brain,0,SF1,SF1-204,4.521103128324916,0.0,0.0,kidney,0,ZNF263,ZNF263-201,4.742908020647621,0.41515246897683156,0.5848475310231684,0.0,0,False
PSMB6,brain,PSMB6-201,COPS5,COPS5-201,4.519775232370589,0.0,0.0,kidney,0,RNF14,RNF14-203,6.441522211395349,0.3502539734556776,0.6497460265443225,-8.45459319427806,Downregulated,False
SNF8,brain,SNF8-203,STAT2,STAT2-207,4.5133482264401135,0.0,0.0,kidney,0,RNF14,RNF14-203,5.429263965863318,0.3502539734556776,0.6497460265443225,-4.92033475704935,Downregulated,False
SPAG6,brain,0,RFX2,RFX2-201,4.512216207721417,0.0,0.0,kidney,0,WWTR1,WWTR1-203,6.0388438155697575,0.5821632319369551,0.4178367680630449,-3.62294670963241,Downregulated,False
EVL,brain,EVL-202,CTBP1,CTBP1-203,4.506084363103131,0.0,0.0,kidney,0,KMT2E,KMT2E-201,4.60798055166541,0.37354192938209335,0.6264580706179066,-4.84586687751758,Downregulated,False
QRSL1,brain,0,CDC5L,CDC5L-201,4.505698232611552,0.0,0.0,kidney,0,ZMYND11,ZMYND11-214,4.671201622667167,0.27358720132542913,0.7264127986745709,0.0,0,False
BUD13,brain,0,XPC,XPC-201,4.499042221971471,0.0,0.0,kidney,0,NFIX,NFIX-202,5.507139209281275,0.10337512054001928,0.8966248794599807,0.0,0,False
SLC9A6,brain,SLC9A6-210,TBL1XR1,TBL1XR1-232,4.498242379507241,0.0,0.0,kidney,0,NFIX,NFIX-202,5.9506058677972415,0.10337512054001928,0.8966248794599807,-2.86442955467199,Downregulated,False
SBF1,brain,SBF1-204,PIN1,PIN1-201,4.493765615448366,0.0,0.0,kidney,0,NFYA,NFYA-201,4.626760803243669,0.32140179436418004,0.67859820563582,-7.63359497864716,Downregulated,False
CNPY2,brain,CNPY2-201,AIP,AIP-201,4.493083204021572,0.0,0.0,kidney,0,HOXA11,HOXA11-201,5.083358786671665,0.0,0.0,-6.18442883432789,Downregulated,False
MRPL3,brain,MRPL3-201,PA2G4,PA2G4-201,4.489482212774964,0.0,0.0,kidney,0,RNF14,RNF14-203,5.036295433840289,0.3502539734556776,0.6497460265443225,-6.58848561078429,Downregulated,False
UBE2Z,brain,UBE2Z-207,TRIM27,TRIM27-205,4.48835175725454,0.0,0.0,kidney,0,HIVEP2,HIVEP2-202,5.150269185020783,0.2589950000544657,0.7410049999455344,-1.64572565324419,Downregulated,False
REEP3,brain,0,BBX,BBX-206,4.480809156384171,0.0,0.0,kidney,0,CREBBP,CREBBP-201,5.057964215570541,0.4415698760249729,0.5584301239750271,0.0,0,False
POMT2,brain,POMT2-201,XPC,XPC-201,4.4774324101027885,0.0,0.0,kidney,POMT2-201,NFIX,NFIX-202,5.161660429949348,0.10337512054001928,0.8966248794599807,0.0,0,False
NFIX,brain,0,NFIX,NFIX-202,4.4772423080832775,0.8966248794599807,0.1033751205400193,kidney,NFIX-202,CREBBP,CREBBP-201,4.971217547572384,0.4415698760249729,0.5584301239750271,-2.64524495076415,Downregulated,False
RALB,brain,RALB-203,MAFG,MAFG-201,4.475183429668401,0.0,0.0,kidney,0,RNF14,RNF14-203,4.807433168975257,0.3502539734556776,0.6497460265443225,-2.95559890924982,Downregulated,False
TTC7B,brain,TTC7B-202,SREBF2,SREBF2-201,4.474049200271021,0.0,0.0,kidney,0,NFIX,NFIX-202,4.380038346889636,0.10337512054001928,0.8966248794599807,-2.19387997251833,Downregulated,False
TESK1,brain,0,SRF,SRF-201,4.468918338411001,0.0,0.0,kidney,0,ZNF263,ZNF263-201,5.445078710856387,0.41515246897683156,0.5848475310231684,0.0,0,False
SKIC8,brain,0,NPM1,NPM1-204,4.467953965770173,0.0,0.0,kidney,0,RNF14,RNF14-203,6.8943497465527726,0.3502539734556776,0.6497460265443225,0.0,0,False
ALDH1B1,brain,0,COPS5,COPS5-201,4.467489586240934,0.0,0.0,kidney,0,NR1H4,NR1H4-209,4.565855546983112,0.0,0.0,2.87464334055315,Upregulated,False
DYRK4,brain,DYRK4-217,TSG101,TSG101-201,4.467148688398126,0.0,0.0,kidney,0,ZNF263,ZNF263-201,4.495703917484201,0.41515246897683156,0.5848475310231684,0.0,0,False
GATAD2B,brain,0,NFX1,NFX1-203,4.4617605229535,0.0,0.0,kidney,0,KMT2E,KMT2E-203,4.515618543204344,0.38879311291438357,0.6112068870856164,0.0,0,False
WRNIP1,brain,0,TERF2,TERF2-201,4.4615810666369615,0.0,0.0,kidney,0,CREBBP,CREBBP-201,4.527416446328757,0.4415698760249729,0.5584301239750271,0.0,0,False
SUMO1,brain,SUMO1-203,CNOT7,CNOT7-201,4.459794829573081,0.0,0.0,kidney,0,RNF14,RNF14-203,4.521341910800416,0.3502539734556776,0.6497460265443225,-8.04428057333736,Downregulated,False
BIRC3,brain,BIRC3-201,SP100,SP100-201,4.456277375156159,0.0,0.0,kidney,0,KMT2E,KMT2E-201,4.79815693164644,0.37354192938209335,0.6264580706179066,2.97084704673051,Upregulated,False
ARHGEF40,brain,0,RELA,RELA-202,4.454472950423551,0.0,0.0,kidney,0,CREBBP,CREBBP-201,4.561687426471177,0.4415698760249729,0.5584301239750271,0.0,0,False
MED7,brain,0,TSG101,TSG101-201,4.451036122188481,0.0,0.0,kidney,0,NFIX,NFIX-202,5.902095725217593,0.10337512054001928,0.8966248794599807,0.0,0,False
MAP2K5,brain,0,COPS5,COPS5-201,4.446633769718466,0.0,0.0,kidney,0,CREBBP,CREBBP-201,5.11960148291426,0.4415698760249729,0.5584301239750271,0.0,0,False
CBS,brain,0,RFX4,RFX4-203,4.445538326012635,0.0,0.0,kidney,0,NFIX,NFIX-202,4.67357100506059,0.10337512054001928,0.8966248794599807,-2.71402227362458,Downregulated,False
OCEL1,brain,0,USF1,USF1-203,4.443770735579991,0.0,0.0,kidney,0,RNF14,RNF14-203,5.8335902382999,0.3502539734556776,0.6497460265443225,0.0,0,False
NTHL1,brain,NTHL1-201,PIN1,PIN1-201,4.436664177069548,0.0,0.0,kidney,0,ZNF263,ZNF263-201,4.819866546362484,0.41515246897683156,0.5848475310231684,-5.84548224921875,Downregulated,False
SYNGR2,brain,0,HTATIP2,HTATIP2-201,4.433423134894818,0.0,0.0,kidney,0,CREBBP,CREBBP-201,6.050925240783035,0.4415698760249729,0.5584301239750271,0.0,0,False
FBRSL1,brain,FBRSL1-201,NACC1,NACC1-201,4.432120595808223,0.0,0.0,kidney,0,ZNF263,ZNF263-201,4.572984814111411,0.41515246897683156,0.5848475310231684,-5.20172603009405,Downregulated,False
ZNF793,brain,ZNF793-201,MECP2,MECP2-201,4.430620787592015,0.0,0.0,kidney,0,NFYA,NFYA-201,4.504683327092128,0.32140179436418004,0.67859820563582,-2.0768519714397,Downregulated,False
AVL9,brain,0,ZNF134,ZNF134-201,4.426480578713065,0.0,0.0,kidney,0,NFYA,NFYA-201,5.068637574429281,0.32140179436418004,0.67859820563582,0.0,0,False
USF3,brain,USF3-201,ASH1L,ASH1L-201,4.423097574395093,0.0,0.0,kidney,0,KMT2E,KMT2E-201,4.358156914860315,0.37354192938209335,0.6264580706179066,-1.64625933501348,Downregulated,False
BCLAF3,brain,0,PIAS2,PIAS2-204,4.42050241581574,0.0,0.0,kidney,0,NFYA,NFYA-201,4.608321792411397,0.32140179436418004,0.67859820563582,0.0,0,False
BBS1,brain,BBS1-201,THRA,THRA-201,4.417623155681709,0.0,0.0,kidney,0,NFIX,NFIX-202,4.412594615258096,0.10337512054001928,0.8966248794599807,-5.95212389363695,Downregulated,False
POLE3,brain,0,TSG101,TSG101-201,4.414721208873902,0.0,0.0,kidney,0,RNF14,RNF14-203,4.744132150520917,0.3502539734556776,0.6497460265443225,0.0,0,False
FAM161B,brain,0,COPS5,COPS5-201,4.414669542352772,0.0,0.0,kidney,0,ZNF263,ZNF263-201,4.814876912894353,0.41515246897683156,0.5848475310231684,0.0,0,False
HDAC3,brain,HDAC3-201,APEX1,APEX1-201,4.41080438316306,0.0,0.0,kidney,0,ZNF263,ZNF263-201,4.402347077115024,0.41515246897683156,0.5848475310231684,-5.28612478843677,Downregulated,False
SRPK2,brain,SRPK2-202,CNOT7,CNOT7-201,4.4097607744516925,0.0,0.0,kidney,0,KMT2E,KMT2E-201,5.712695300697632,0.37354192938209335,0.6264580706179066,-2.05604400619546,Downregulated,False
MYLK,brain,MYLK-215,MTF1,MTF1-201,4.40895171062186,0.0,0.0,kidney,0,NFIX,NFIX-202,4.678678967581341,0.10337512054001928,0.8966248794599807,-5.20810350208244,Downregulated,False
DOCK4,brain,DOCK4-202,ZNF148,ZNF148-201,4.407491872553996,0.0,0.0,kidney,0,KMT2E,KMT2E-201,5.594601280996871,0.37354192938209335,0.6264580706179066,-5.17681258511511,Downregulated,False
GPRASP2,brain,0,CNOT7,CNOT7-201,4.405454905991426,0.0,0.0,kidney,0,NFYA,NFYA-201,4.643420455592908,0.32140179436418004,0.67859820563582,0.0,0,False
DYNC1LI1,brain,0,PA2G4,PA2G4-201,4.40449326959895,0.0,0.0,kidney,0,WWTR1,WWTR1-203,4.337392740272104,0.5821632319369551,0.4178367680630449,0.0,0,False
MCM3AP,brain,MCM3AP-207,SSRP1,SSRP1-202,4.40023648606928,0.0,0.0,kidney,0,CREBBP,CREBBP-201,5.138723485090354,0.4415698760249729,0.5584301239750271,-3.44763190700851,Downregulated,False
SACM1L,brain,SACM1L-201,NCOA4,NCOA4-204,4.397289387702831,0.0,0.0,kidney,0,ZNF263,ZNF263-201,4.646287198110767,0.41515246897683156,0.5848475310231684,-4.95029336526049,Downregulated,False
THAP11,brain,0,THAP11,THAP11-201,4.392885805761089,0.0,0.0,kidney,0,NFIX,NFIX-202,4.884564114849663,0.10337512054001928,0.8966248794599807,0.0,0,False
GPIHBP1,brain,0,NKX2-2,NKX2-2-201,4.391586275242401,0.0,0.0,kidney,0,HOXA11,HOXA11-201,4.993362219128475,0.0,0.0,0.0,0,False
ATG4C,brain,0,ZNF281,ZNF281-201,4.390526105115672,0.0,0.0,kidney,0,ZMYND11,ZMYND11-214,5.10540885155548,0.27358720132542913,0.7264127986745709,0.0,0,False
STEAP2,brain,0,LRRFIP1,LRRFIP1-203,4.382343193645383,0.0,0.0,kidney,0,KMT2E,KMT2E-211,4.706593327071039,0.22825042057197786,0.7717495794280221,0.0,0,False
RPA2,brain,0,HDAC3,HDAC3-201,4.380478156117016,0.0,0.0,kidney,0,NFIX,NFIX-202,4.616697525319827,0.10337512054001928,0.8966248794599807,0.0,0,False
YBX2,brain,0,NEUROD6,NEUROD6-201,4.376985902151642,0.0,0.0,kidney,0,YBX2,YBX2-206,5.892205141362534,0.0,0.0,0.0,0,False
LRRC14,brain,0,HIRA,HIRA-201,4.368873804757768,0.0,0.0,kidney,0,CREBBP,CREBBP-201,5.010858466533644,0.4415698760249729,0.5584301239750271,0.0,0,False
B3GNT9,brain,0,XPC,XPC-201,4.366756695999166,0.0,0.0,kidney,0,CREBBP,CREBBP-201,5.367045994488262,0.4415698760249729,0.5584301239750271,0.0,0,False
RNF44,brain,RNF44-201,MNT,MNT-201,4.36364976659434,0.0,0.0,kidney,0,KMT2E,KMT2E-203,4.831889999801776,0.38879311291438357,0.6112068870856164,-5.97911662899918,Downregulated,False
CCDC136,brain,CCDC136-215,L3MBTL1,L3MBTL1-201,4.360811549426646,0.0,0.0,kidney,0,CREBBP,CREBBP-201,5.557973266887986,0.4415698760249729,0.5584301239750271,-5.10557179401372,Downregulated,False
ACVR1B,brain,ACVR1B-201,LRRFIP1,LRRFIP1-203,4.358541044950578,0.0,0.0,kidney,0,CREBBP,CREBBP-201,4.407592197186773,0.4415698760249729,0.5584301239750271,-5.44532273179284,Downregulated,False
LARP1,brain,0,PRDM4,PRDM4-201,4.349775616505444,0.0,0.0,kidney,0,CREBBP,CREBBP-201,5.547667239562649,0.4415698760249729,0.5584301239750271,0.0,0,False
RNF181,brain,RNF181-204,NME2,NME2-205,4.347973986415109,0.0,0.0,kidney,0,RNF14,RNF14-203,5.515197112909472,0.3502539734556776,0.6497460265443225,-5.48569954519971,Downregulated,False
AIG1,brain,0,COPS5,COPS5-201,4.346067838158562,0.0,0.0,kidney,0,NR1H4,NR1H4-209,4.716006041454108,0.0,0.0,0.0,0,False
POLR2J,brain,POLR2J-201,DRAP1,DRAP1-201,4.341566748529984,0.0,0.0,kidney,POLR2J-201,ZMYND11,ZMYND11-214,5.59921050821562,0.27358720132542913,0.7264127986745709,0.0,0,False
PIP5K1C,brain,0,MNT,MNT-201,4.34007564136124,0.0,0.0,kidney,0,NFIX,NFIX-202,4.489871947818816,0.10337512054001928,0.8966248794599807,-1.52311674006831,Downregulated,False
XPO5,brain,XPO5-207,MED15,MED15-222,4.338439170544658,0.0,0.0,kidney,0,HIVEP2,HIVEP2-202,4.818120637999463,0.2589950000544657,0.7410049999455344,-2.68803075308986,Downregulated,False
PAXX,brain,0,DRAP1,DRAP1-201,4.336065614212594,0.0,0.0,kidney,0,ZNF263,ZNF263-201,4.835340224640808,0.41515246897683156,0.5848475310231684,0.0,0,False
ZNF521,brain,0,TFDP1,TFDP1-201,4.333449807039213,0.0,0.0,kidney,0,WWTR1,WWTR1-203,5.335772823234221,0.5821632319369551,0.4178367680630449,0.0,0,False
AACS,brain,AACS-212,MYBBP1A,MYBBP1A-202,4.332709015910591,0.0,0.0,kidney,0,HOXA11,HOXA11-201,4.953454822875018,0.0,0.0,0.0,0,False
ZNF131,brain,ZNF131-215,NCOR1,NCOR1-211,4.331815084111477,0.0,0.0,kidney,0,NFYA,NFYA-201,4.362489974501856,0.32140179436418004,0.67859820563582,-4.35328719166264,Downregulated,False
FBXL15,brain,0,PIN1,PIN1-201,4.331467402541072,0.0,0.0,kidney,0,ZNF263,ZNF263-201,5.469780359194052,0.41515246897683156,0.5848475310231684,0.0,0,False
GET1,brain,GET1-206,TRIM28,TRIM28-201,4.331320263119212,0.0,0.0,kidney,0,RNF14,RNF14-203,4.787375025710722,0.3502539734556776,0.6497460265443225,-1.74087698895584,Downregulated,False
LRFN1,brain,0,SIN3B,SIN3B-201,4.330289744716117,0.0,0.0,kidney,0,CREBBP,CREBBP-201,5.535721574353693,0.4415698760249729,0.5584301239750271,-4.02687738113565,Downregulated,False
TMEM63B,brain,TMEM63B-203,SIN3B,SIN3B-201,4.329360439902056,0.0,0.0,kidney,0,ZNF263,ZNF263-201,4.384394297575011,0.41515246897683156,0.5848475310231684,-5.31445059945482,Downregulated,False
FAHD1,brain,FAHD1-203,THAP11,THAP11-201,4.32891779593689,0.0,0.0,kidney,0,NR1H4,NR1H4-208,7.42405194356583,0.0,0.0,1.81128455415469,Upregulated,False
GTF2IRD1,brain,GTF2IRD1-206,RBCK1,RBCK1-212,4.325208100974153,0.0,0.0,kidney,GTF2IRD1-204,GTF2IRD1,GTF2IRD1-202,4.390276111477228,0.6566044155451385,0.3433955844548615,3.11478279172857,Upregulated,False
CWC27,brain,0,COPS5,COPS5-201,4.323843782424101,0.0,0.0,kidney,0,ZMYND11,ZMYND11-214,5.778293553671454,0.27358720132542913,0.7264127986745709,0.0,0,False
HNRNPUL1,brain,HNRNPUL1-208,ZMIZ1,ZMIZ1-201,4.320194633533113,0.0,0.0,kidney,0,NFIX,NFIX-202,5.375608237690452,0.10337512054001928,0.8966248794599807,-4.47095158118175,Downregulated,False
ABI2,brain,ABI2-202,NCOA2,NCOA2-201,4.318849747286504,0.0,0.0,kidney,0,KMT2E,KMT2E-201,4.823364136725134,0.37354192938209335,0.6264580706179066,-1.6598372056654,Downregulated,False
CCNDBP1,brain,0,COPS5,COPS5-201,4.3188283039616,0.0,0.0,kidney,0,CREBBP,CREBBP-201,4.818322237460203,0.4415698760249729,0.5584301239750271,0.0,0,False
NDRG2,brain,NDRG2-208,FOXO4,FOXO4-202,4.310657787945648,0.0,0.0,kidney,0,HOXA11,HOXA11-201,5.478741133552362,0.0,0.0,-3.74748167947212,Downregulated,False
DHX35,brain,0,GATAD2B,GATAD2B-201,4.307744875044049,0.0,0.0,kidney,0,NFIX,NFIX-202,4.636752403402355,0.10337512054001928,0.8966248794599807,0.0,0,False
MOCS2,brain,MOCS2-203,EID1,EID1-201,4.306688324774325,0.0,0.0,kidney,0,ZMYND11,ZMYND11-214,4.86849101309549,0.27358720132542913,0.7264127986745709,-7.9973511203784,Downregulated,False
RAB5B,brain,RAB5B-210,NUCKS1,NUCKS1-201,4.306621886108969,0.0,0.0,kidney,0,NFYA,NFYA-201,4.509426927119342,0.32140179436418004,0.67859820563582,-7.79854272976038,Downregulated,False
TRIQK,brain,0,EID1,EID1-201,4.303095121499501,0.0,0.0,kidney,0,NFIX,NFIX-202,4.469397904677022,0.10337512054001928,0.8966248794599807,0.0,0,False
FAM98C,brain,FAM98C-201,HOPX,HOPX-206,4.300413948177848,0.0,0.0,kidney,0,ZNF263,ZNF263-201,4.44242652689114,0.41515246897683156,0.5848475310231684,-6.23562638702715,Downregulated,False
GGA1,brain,GGA1-203,TRIM27,TRIM27-202,4.297505179922391,0.0,0.0,kidney,0,NFIX,NFIX-202,4.525846804446745,0.10337512054001928,0.8966248794599807,-4.75164229534755,Downregulated,False
NEDD8,brain,NEDD8-206,PHB1,PHB1-201,4.293810220102913,0.0,0.0,kidney,0,CREBBP,CREBBP-201,4.541940325793063,0.4415698760249729,0.5584301239750271,-5.5283969811616,Downregulated,False
HTT,brain,HTT-201,SREBF2,SREBF2-201,4.292915043774352,0.0,0.0,kidney,0,CREBBP,CREBBP-201,4.4911982267374855,0.4415698760249729,0.5584301239750271,-5.43520868696837,Downregulated,False
DOLPP1,brain,DOLPP1-202,TFCP2,TFCP2-201,4.29246848993332,0.0,0.0,kidney,0,CREBBP,CREBBP-201,5.295750700079847,0.4415698760249729,0.5584301239750271,-4.65149289998948,Downregulated,False
ADRB2,brain,ADRB2-201,IRF8,IRF8-201,4.288355853265931,0.0,0.0,kidney,0,TFAP2B,TFAP2B-202,4.818082517361055,0.0,0.0,-2.17636401316022,Downregulated,False
MRFAP1L1,brain,MRFAP1L1-201,RNF14,RNF14-203,4.278782241692992,0.6497460265443223,0.35025397345567766,kidney,0,NFIX,NFIX-202,4.864344836940169,0.10337512054001928,0.8966248794599807,-7.89471308478229,Downregulated,False
FAM149A,brain,FAM149A-216,DTX1,DTX1-203,4.278143250368411,0.0,0.0,kidney,0,NFIX,NFIX-202,6.168085109232117,0.10337512054001928,0.8966248794599807,-4.05796880875991,Downregulated,False
ATP5MG,brain,ATP5MG-204,PARK7,PARK7-201,4.276844779008597,0.0,0.0,kidney,0,RNF14,RNF14-203,4.950606584362051,0.3502539734556776,0.6497460265443225,-9.2544861671092,Downregulated,False
GPHN,brain,GPHN-212,SMARCA4,SMARCA4-209,4.2766715889337314,0.0,0.0,kidney,0,RNF14,RNF14-203,4.857017856196091,0.3502539734556776,0.6497460265443225,-6.61820531366376,Downregulated,False
SLC27A1,brain,0,GATAD2B,GATAD2B-201,4.273661574593203,0.0,0.0,kidney,0,ZNF263,ZNF263-201,5.0539379225551295,0.41515246897683156,0.5848475310231684,0.0,0,False
ARF5,brain,ARF5-201,EID2B,EID2B-201,4.2716882317376,0.0,0.0,kidney,ARF5-201,RNF14,RNF14-203,4.6969791298185,0.3502539734556776,0.6497460265443225,0.0,0,False
ACSL3,brain,ACSL3-201,TRIM27,TRIM27-202,4.269944385430171,0.0,0.0,kidney,0,CREBBP,CREBBP-201,4.874157308105133,0.4415698760249729,0.5584301239750271,-6.28408864129849,Downregulated,False
AKR1B1,brain,AKR1B1-201,GTF2F1,GTF2F1-201,4.26951824757195,0.0,0.0,kidney,0,JARID2,JARID2-202,4.528067758886489,0.28022516465735325,0.7197748353426467,-7.91522952359861,Downregulated,False
HDHD5,brain,0,PREB,PREB-201,4.269328213477417,0.0,0.0,kidney,0,NFIX,NFIX-202,4.435529657556377,0.10337512054001928,0.8966248794599807,0.0,0,False
KCNAB3,brain,KCNAB3-203,ZNF236,ZNF236-201,4.267735371973731,0.0,0.0,kidney,0,ZFX,ZFX-211,4.396387909835334,0.3574465404843636,0.6425534595156364,-1.72823620444506,Downregulated,False
TCEAL7,brain,0,TBR1,TBR1-201,4.266512073430875,0.0,0.0,kidney,0,ZNF263,ZNF263-201,5.762096456833908,0.41515246897683156,0.5848475310231684,-4.43776902779587,Downregulated,False
TFDP1,brain,0,TFDP1,TFDP1-201,4.263722394924591,0.0,0.0,kidney,0,ZMYND11,ZMYND11-214,4.763204134669094,0.27358720132542913,0.7264127986745709,0.0,0,False
HSPA5,brain,0,XBP1,XBP1-201,4.2590589506053504,0.0,0.0,kidney,0,WWTR1,WWTR1-201,4.56874921248312,0.6341261585019862,0.36587384149801383,0.0,0,False
CDC42SE2,brain,CDC42SE2-208,ASH1L,ASH1L-201,4.258552529880834,0.0,0.0,kidney,0,RNF14,RNF14-203,5.8894062792889175,0.3502539734556776,0.6497460265443225,-2.55128565850847,Downregulated,False
FBXO15,brain,0,FOXJ1,FOXJ1-201,4.257835913218469,0.0,0.0,kidney,0,ZMYND11,ZMYND11-214,5.089519664894568,0.27358720132542913,0.7264127986745709,0.0,0,False
MSANTD7,brain,MSANTD7-202,ZXDA,ZXDA-201,4.255449068686313,0.0,0.0,kidney,0,NFIX,NFIX-202,4.396134936253689,0.10337512054001928,0.8966248794599807,-2.70744410798565,Downregulated,False
VPS9D1,brain,VPS9D1-204,TSC22D1,TSC22D1-203,4.254986789762887,0.0,0.0,kidney,0,CREBBP,CREBBP-201,4.600153471484709,0.4415698760249729,0.5584301239750271,-3.34342015835121,Downregulated,False
PBX2,brain,PBX2-205,EP300,EP300-201,4.253526587764855,0.0,0.0,kidney,0,KMT2E,KMT2E-201,4.500106686581637,0.37354192938209335,0.6264580706179066,-3.76641299916053,Downregulated,False
ZNF444,brain,0,USF2,USF2-201,4.252972443476169,0.0,0.0,kidney,0,ZNF263,ZNF263-201,4.451921826461495,0.41515246897683156,0.5848475310231684,0.0,0,False
COL25A1,brain,0,TEF,TEF-202,4.252507783669373,0.0,0.0,kidney,0,NFYA,NFYA-201,5.104852169757607,0.32140179436418004,0.67859820563582,0.0,0,False
MRPL42,brain,0,TRIM24,TRIM24-202,4.250739854988633,0.0,0.0,kidney,0,RNF14,RNF14-203,6.133459211321965,0.3502539734556776,0.6497460265443225,0.0,0,False
FKRP,brain,0,PBX2,PBX2-201,4.24853768983577,0.0,0.0,kidney,0,HOXA11,HOXA11-201,4.38258361746185,0.0,0.0,0.0,0,False
SLC25A29,brain,SLC25A29-208,MZF1,MZF1-204,4.2441975231785385,0.0,0.0,kidney,0,ZNF263,ZNF263-201,4.940586148102059,0.41515246897683156,0.5848475310231684,-5.24977964451829,Downregulated,False
DDX51,brain,0,E2F4,E2F4-201,4.243582668122091,0.0,0.0,kidney,0,NFIX,NFIX-202,4.389679123161164,0.10337512054001928,0.8966248794599807,0.0,0,False
ACBD6,brain,ACBD6-202,EWSR1,EWSR1-215,4.241848991496843,0.0,0.0,kidney,0,ZNF263,ZNF263-201,5.257694858685599,0.41515246897683156,0.5848475310231684,-3.16426988295604,Downregulated,False
KPNA5,brain,0,ZNF148,ZNF148-201,4.241609715350356,0.0,0.0,kidney,0,NFIX,NFIX-202,4.662370822666404,0.10337512054001928,0.8966248794599807,0.0,0,False
PRRC2A,brain,0,SREBF2,SREBF2-201,4.2410099651293525,0.0,0.0,kidney,0,CREBBP,CREBBP-201,5.856661362872439,0.4415698760249729,0.5584301239750271,0.0,0,False
MYORG,brain,MYORG-201,PRDM16,PRDM16-201,4.23927651408824,0.0,0.0,kidney,0,MLXIPL,MLXIPL-211,4.407738328179502,0.0,0.0,-1.89370089589998,Downregulated,False
HSP90B1,brain,HSP90B1-201,XBP1,XBP1-201,4.238864227093282,0.0,0.0,kidney,0,WWTR1,WWTR1-201,5.44261679942225,0.6341261585019862,0.36587384149801383,-8.88861688534011,Downregulated,False
DENND11,brain,0,CTCF,CTCF-201,4.238786405750003,0.0,0.0,kidney,0,ZMYND11,ZMYND11-206,4.471998614445861,0.26965605644939095,0.730343943550609,0.0,0,False
VPS29,brain,VPS29-204,CREB3,CREB3-201,4.229761101084724,0.0,0.0,kidney,0,WWTR1,WWTR1-203,5.159629106609187,0.5821632319369551,0.4178367680630449,-6.28874858842238,Downregulated,False
MAP3K13,brain,0,GTF2B,GTF2B-201,4.226997943490117,0.0,0.0,kidney,0,RNF14,RNF14-203,4.454498067943068,0.3502539734556776,0.6497460265443225,0.0,0,False
KLHL21,brain,KLHL21-201,ERF,ERF-202,4.226914315922015,0.0,0.0,kidney,0,CREBBP,CREBBP-201,4.417301189917829,0.4415698760249729,0.5584301239750271,-5.89625097095493,Downregulated,False
GPRASP1,brain,0,LRRFIP1,LRRFIP1-203,4.223242477843439,0.0,0.0,kidney,0,HIVEP2,HIVEP2-202,4.324664865308406,0.2589950000544657,0.7410049999455344,0.0,0,False
GSR,brain,0,DR1,DR1-201,4.223055530983955,0.0,0.0,kidney,0,RNF14,RNF14-203,5.183830729996706,0.3502539734556776,0.6497460265443225,0.0,0,False
ATP13A2,brain,0,PIN1,PIN1-201,4.220594516756743,0.0,0.0,kidney,0,NFIX,NFIX-202,5.06309304109278,0.10337512054001928,0.8966248794599807,-1.63472508523578,Downregulated,False
HCCS,brain,0,GTF2F1,GTF2F1-201,4.215176952383646,0.0,0.0,kidney,0,WWTR1,WWTR1-203,4.345991134355805,0.5821632319369551,0.4178367680630449,0.0,0,False
MID1,brain,0,TEAD1,TEAD1-203,4.213001299510497,0.0,0.0,kidney,0,HIVEP2,HIVEP2-202,4.320656710585131,0.2589950000544657,0.7410049999455344,0.0,0,False
SLC25A39,brain,SLC25A39-210,ZNF692,ZNF692-205,4.210597547940905,0.0,0.0,kidney,0,RNF14,RNF14-203,5.778474303970726,0.3502539734556776,0.6497460265443225,1.61194137161699,Upregulated,False
NT5C3B,brain,NT5C3B-216,MESP1,MESP1-201,4.207894126934794,0.0,0.0,kidney,0,RNF14,RNF14-203,4.586576609167059,0.3502539734556776,0.6497460265443225,-5.84884150991781,Downregulated,False
MEAF6,brain,0,THAP11,THAP11-201,4.205946941556006,0.0,0.0,kidney,0,NFIX,NFIX-202,4.5745157730269215,0.10337512054001928,0.8966248794599807,0.0,0,False
LDHB,brain,LDHB-209,PARK7,PARK7-207,4.203260695752945,0.0,0.0,kidney,0,RNF14,RNF14-203,5.246768366212218,0.3502539734556776,0.6497460265443225,-3.90338716769313,Downregulated,False
ISCA1,brain,0,EID1,EID1-201,4.199853279737182,0.0,0.0,kidney,0,RNF14,RNF14-203,4.41980921936572,0.3502539734556776,0.6497460265443225,0.0,0,False
CHCHD4,brain,CHCHD4-202,CGGBP1,CGGBP1-201,4.198436409014382,0.0,0.0,kidney,0,RNF14,RNF14-203,4.490559568577767,0.3502539734556776,0.6497460265443225,-5.52465690534219,Downregulated,False
RPS6KC1,brain,0,SNW1,SNW1-201,4.195853173031723,0.0,0.0,kidney,0,NFIX,NFIX-202,4.581837566090514,0.10337512054001928,0.8966248794599807,0.0,0,False
USP27X,brain,0,TSC22D1,TSC22D1-203,4.195591254726974,0.0,0.0,kidney,0,ZNF263,ZNF263-201,4.389149827176939,0.41515246897683156,0.5848475310231684,0.0,0,False
PAAF1,brain,PAAF1-207,NFYB,NFYB-201,4.195337382773739,0.0,0.0,kidney,0,RNF14,RNF14-203,5.1831629343452885,0.3502539734556776,0.6497460265443225,-1.96947310820283,Downregulated,False
TSTD2,brain,TSTD2-201,MED1,MED1-201,4.193956447038183,0.0,0.0,kidney,0,HIVEP2,HIVEP2-202,4.436139245730883,0.2589950000544657,0.7410049999455344,-3.1777292496998,Downregulated,False
ZNF653,brain,ZNF653-201,PIN1,PIN1-201,4.193066092750085,0.0,0.0,kidney,0,ZNF263,ZNF263-201,4.6303249737193,0.41515246897683156,0.5848475310231684,-4.08603334968195,Downregulated,False
TMEM67,brain,TMEM67-205,RFX2,RFX2-201,4.192274861928174,0.0,0.0,kidney,0,CREBBP,CREBBP-201,4.417206050179618,0.4415698760249729,0.5584301239750271,-2.96753511811161,Downregulated,False
MGRN1,brain,MGRN1-203,SSRP1,SSRP1-202,4.191022012118272,0.0,0.0,kidney,0,CREBBP,CREBBP-201,5.553728256292655,0.4415698760249729,0.5584301239750271,-3.91848112944699,Downregulated,False
MCFD2,brain,MCFD2-201,NCOA4,NCOA4-204,4.186622941407792,0.0,0.0,kidney,0,KMT2E,KMT2E-201,4.333843936700699,0.37354192938209335,0.6264580706179066,-4.56364362084971,Downregulated,False
VWA7,brain,0,SIN3B,SIN3B-201,4.182525621820658,0.0,0.0,kidney,0,ZMYND11,ZMYND11-214,4.575572415756104,0.27358720132542913,0.7264127986745709,2.10276328554308,Upregulated,False
RBM42,brain,RBM42-204,TRIM28,TRIM28-201,4.181887260629956,0.0,0.0,kidney,0,NFIX,NFIX-202,5.03739671177933,0.10337512054001928,0.8966248794599807,-4.52676491561061,Downregulated,False
SOS2,brain,SOS2-204,ZEB2,ZEB2-204,4.179595892411324,0.0,0.0,kidney,0,CREBBP,CREBBP-201,5.664598828090864,0.4415698760249729,0.5584301239750271,-2.75732188049745,Downregulated,False
RAB33A,brain,0,E2F1,E2F1-201,4.178657388264811,0.0,0.0,kidney,0,HIVEP2,HIVEP2-202,5.566829615069936,0.2589950000544657,0.7410049999455344,-4.11690770086897,Downregulated,False
GNA11,brain,GNA11-201,MNT,MNT-201,4.175832970953932,0.0,0.0,kidney,0,HOXA11,HOXA11-201,4.442141932165984,0.0,0.0,-6.9484744750881,Downregulated,False
ZNF585B,brain,ZNF585B-206,SREBF1,SREBF1-223,4.175357409348987,0.0,0.0,kidney,0,CREBBP,CREBBP-201,6.755432015131944,0.4415698760249729,0.5584301239750271,-1.62097438994929,Downregulated,False
NRDC,brain,NRDC-201,ASH1L,ASH1L-201,4.175314559911486,0.0,0.0,kidney,0,KMT2E,KMT2E-201,5.329309352317412,0.37354192938209335,0.6264580706179066,-5.42285633512579,Downregulated,False
QSOX1,brain,QSOX1-202,MNT,MNT-201,4.174258748505403,0.0,0.0,kidney,0,ZNF263,ZNF263-201,6.466719109065339,0.41515246897683156,0.5848475310231684,-3.28555123174849,Downregulated,False
SCAF8,brain,0,ATF6,ATF6-201,4.173321556984708,0.0,0.0,kidney,0,CREBBP,CREBBP-201,5.648147368627298,0.4415698760249729,0.5584301239750271,0.0,0,False
FITM2,brain,0,CGGBP1,CGGBP1-201,4.173037463478869,0.0,0.0,kidney,0,RNF14,RNF14-203,4.567727562913109,0.3502539734556776,0.6497460265443225,0.0,0,False
TAF11,brain,0,PHF5A,PHF5A-201,4.171813157532125,0.0,0.0,kidney,0,ZNF263,ZNF263-201,4.5218184563721,0.41515246897683156,0.5848475310231684,0.0,0,False
ZNF207,brain,ZNF207-201,TSG101,TSG101-201,4.17021423520254,0.0,0.0,kidney,0,CREBBP,CREBBP-201,5.191471433549473,0.4415698760249729,0.5584301239750271,0.0,0,False
PTPMT1,brain,PTPMT1-201,CAMTA1,CAMTA1-208,4.169967068703825,0.0,0.0,kidney,0,CREBBP,CREBBP-201,5.944804451255978,0.4415698760249729,0.5584301239750271,-4.56665079054223,Downregulated,False
POU6F1,brain,0,NSD2,NSD2-207,4.163269588001771,0.0,0.0,kidney,0,ZNF263,ZNF263-201,6.4927951722216575,0.41515246897683156,0.5848475310231684,0.0,0,False
ZHX1,brain,ZHX1-202,TFDP1,TFDP1-201,4.162908198940831,0.0,0.0,kidney,0,ZMYND11,ZMYND11-214,4.423569480612517,0.27358720132542913,0.7264127986745709,-5.13139518112698,Downregulated,False
SIRT2,brain,SIRT2-201,CDC5L,CDC5L-201,4.16251551089978,0.0,0.0,kidney,0,CREBBP,CREBBP-201,4.422590531788897,0.4415698760249729,0.5584301239750271,-2.03387817672822,Downregulated,False
LUC7L,brain,LUC7L-202,MYBBP1A,MYBBP1A-212,4.153744666129193,0.0,0.0,kidney,LUC7L-207,ZNF263,ZNF263-201,5.439859052852514,0.41515246897683156,0.5848475310231684,0.0,0,False
CPPED1,brain,CPPED1-202,ST18,ST18-219,4.148487562405264,0.0,0.0,kidney,0,RNF14,RNF14-203,5.729104880015451,0.3502539734556776,0.6497460265443225,-3.36590098898156,Downregulated,False
CALM2,brain,CALM2-201,EID1,EID1-201,4.147177853751358,0.0,0.0,kidney,0,RNF14,RNF14-203,4.550950987529568,0.3502539734556776,0.6497460265443225,-1.77214337807494,Downregulated,False
API5,brain,API5-201,CDC5L,CDC5L-201,4.146928593961704,0.0,0.0,kidney,0,NFYA,NFYA-201,4.523050373677714,0.32140179436418004,0.67859820563582,-6.41954676448225,Downregulated,False
GPR173,brain,0,MECP2,MECP2-201,4.140551756497517,0.0,0.0,kidney,0,CREBBP,CREBBP-201,4.363014154649357,0.4415698760249729,0.5584301239750271,-1.63318114909588,Downregulated,False
MAIP1,brain,MAIP1-202,THAP11,THAP11-201,4.139563416827131,0.0,0.0,kidney,0,NR1H4,NR1H4-208,4.899125489144671,0.0,0.0,-4.72264079344498,Downregulated,False
SYNJ1,brain,0,RBFOX2,RBFOX2-205,4.13786450139912,0.0,0.0,kidney,0,NFYA,NFYA-201,6.083678836711525,0.32140179436418004,0.67859820563582,-1.67233403388199,Downregulated,False
ACSF3,brain,0,GTF2F1,GTF2F1-201,4.137831351541843,0.0,0.0,kidney,0,RNF14,RNF14-203,4.453549282130199,0.3502539734556776,0.6497460265443225,0.0,0,False
CTNND1,brain,CTNND1-201,MED1,MED1-201,4.136578108320335,0.0,0.0,kidney,0,NFYA,NFYA-201,4.829351970146407,0.32140179436418004,0.67859820563582,1.50299307727471,Upregulated,False
LAMTOR2,brain,0,PARK7,PARK7-201,4.136074865898634,0.0,0.0,kidney,0,RNF14,RNF14-203,5.787198656157988,0.3502539734556776,0.6497460265443225,0.0,0,False
RUSC1,brain,0,CTBP1,CTBP1-203,4.135481900892885,0.0,0.0,kidney,0,BRCA1,BRCA1-201,4.461385591327476,0.2545314900153609,0.7454685099846391,0.0,0,False
DUSP3,brain,DUSP3-201,HIRA,HIRA-201,4.134052054319386,0.0,0.0,kidney,0,RNF14,RNF14-203,4.588255328126633,0.3502539734556776,0.6497460265443225,-6.57934704507127,Downregulated,False
DNTTIP2,brain,DNTTIP2-202,PA2G4,PA2G4-201,4.132285981064045,0.0,0.0,kidney,0,HIVEP2,HIVEP2-202,4.945099379959626,0.2589950000544657,0.7410049999455344,-3.56378392215803,Downregulated,False
COX5B,brain,COX5B-201,GTF3A,GTF3A-201,4.13220288068621,0.0,0.0,kidney,0,RNF14,RNF14-203,5.026876428442786,0.3502539734556776,0.6497460265443225,-10.8628907288594,Downregulated,False
LRRC20,brain,0,HLF,HLF-201,4.12937996920316,0.0,0.0,kidney,0,BRCA1,BRCA1-201,7.950930809830388,0.2545314900153609,0.7454685099846391,-2.44922142799078,Downregulated,False
GPR65,brain,0,SPI1,SPI1-202,4.127654545175422,0.0,0.0,kidney,0,KMT2E,KMT2E-203,4.520143654687453,0.38879311291438357,0.6112068870856164,0.0,0,False
ZNF774,brain,0,PBX2,PBX2-201,4.127535024348608,0.0,0.0,kidney,0,ZFX,ZFX-211,4.873325885033713,0.3574465404843636,0.6425534595156364,0.0,0,False
MAP4K2,brain,MAP4K2-201,MYT1L,MYT1L-202,4.125232816762392,0.0,0.0,kidney,0,HOXA11,HOXA11-201,4.6070877298826165,0.0,0.0,-3.87762874527181,Downregulated,False
PWP1,brain,PWP1-201,TFCP2,TFCP2-201,4.124098721819833,0.0,0.0,kidney,0,NFIX,NFIX-202,4.554930667437951,0.10337512054001928,0.8966248794599807,-5.47423169856178,Downregulated,False
AIFM1,brain,0,HDAC3,HDAC3-201,4.123768380158794,0.0,0.0,kidney,0,NR1H4,NR1H4-208,5.051107289783841,0.0,0.0,2.48608363740498,Upregulated,False
PNPLA4,brain,PNPLA4-201,STOX1,STOX1-201,4.122213534867815,0.0,0.0,kidney,0,NR1H4,NR1H4-208,4.58218989287772,0.0,0.0,0.0,0,False
NISCH,brain,0,SREBF2,SREBF2-201,4.116162268581999,0.0,0.0,kidney,NISCH-203,ZNF195,ZNF195-204,4.428801285390978,0.2696888704362041,0.7303111295637958,4.12076430445168,Upregulated,False
DMAC2L,brain,0,TFCP2,TFCP2-201,4.114593673069417,0.0,0.0,kidney,0,CREBBP,CREBBP-201,5.470093089671527,0.4415698760249729,0.5584301239750271,0.0,0,False
APAF1,brain,0,KAT7,KAT7-202,4.11349631265768,0.0,0.0,kidney,0,NFYA,NFYA-201,5.039800607164618,0.32140179436418004,0.67859820563582,0.0,0,False
C20orf203,brain,C20orf203-202,TFAP2E,TFAP2E-201,4.11023196662593,0.0,0.0,kidney,0,HIVEP2,HIVEP2-202,6.761088438856677,0.2589950000544657,0.7410049999455344,-2.49174528154159,Downregulated,False
SIK3,brain,0,PRDM2,PRDM2-206,4.109060175446379,0.0,0.0,kidney,0,HIVEP2,HIVEP2-202,4.824598203943642,0.2589950000544657,0.7410049999455344,0.0,0,False
A1BG,brain,0,PIN1,PIN1-201,4.106084203489437,0.0,0.0,kidney,0,ZNF263,ZNF263-201,4.37713913244172,0.41515246897683156,0.5848475310231684,0.0,0,False
ATN1,brain,0,MNT,MNT-201,4.105294353152051,0.0,0.0,kidney,0,KMT2E,KMT2E-201,4.621953125590527,0.37354192938209335,0.6264580706179066,0.0,0,False
SUPV3L1,brain,SUPV3L1-201,ZNF134,ZNF134-201,4.097980044895971,0.0,0.0,kidney,0,NFYA,NFYA-201,5.681727454969472,0.32140179436418004,0.67859820563582,-4.35487320866567,Downregulated,False
ILF3,brain,ILF3-218,SND1,SND1-201,4.095741563792027,0.0,0.0,kidney,0,KMT2E,KMT2E-201,4.532148922829043,0.37354192938209335,0.6264580706179066,-5.60965219881042,Downregulated,False
KPNA3,brain,0,CDC5L,CDC5L-201,4.095253801585979,0.0,0.0,kidney,0,NFYA,NFYA-201,8.592264485432509,0.32140179436418004,0.67859820563582,0.0,0,False
RNASEH2B,brain,RNASEH2B-201,EID2B,EID2B-201,4.095236259674271,0.0,0.0,kidney,0,NFYA,NFYA-201,4.575151707212766,0.32140179436418004,0.67859820563582,-4.1278822444514,Downregulated,False
ZNRD2,brain,0,EGR3,EGR3-201,4.093865804010584,0.0,0.0,kidney,0,GTF2IRD1,GTF2IRD1-202,4.620704181679233,0.6566044155451385,0.3433955844548615,0.0,0,False
DNAJC5,brain,0,CTBP1,CTBP1-203,4.09345938067771,0.0,0.0,kidney,0,CREBBP,CREBBP-201,5.5745037160002,0.4415698760249729,0.5584301239750271,0.0,0,False
PACS1,brain,0,SRF,SRF-201,4.091487475696707,0.0,0.0,kidney,0,NFIX,NFIX-202,4.752959341834022,0.10337512054001928,0.8966248794599807,0.0,0,False
FAT1,brain,0,TEAD1,TEAD1-203,4.088778412064512,0.0,0.0,kidney,0,CREBBP,CREBBP-201,4.707738328692747,0.4415698760249729,0.5584301239750271,0.0,0,False
SKIC2,brain,SKIC2-201,STAT5B,STAT5B-201,4.088140331550146,0.0,0.0,kidney,0,CREBBP,CREBBP-201,4.735952052804722,0.4415698760249729,0.5584301239750271,-4.54019382688329,Downregulated,False
SLC48A1,brain,0,XPC,XPC-201,4.085197876388107,0.0,0.0,kidney,0,CREBBP,CREBBP-201,4.682811803631309,0.4415698760249729,0.5584301239750271,0.0,0,False
FLACC1,brain,0,RFX2,RFX2-201,4.081899458507833,0.0,0.0,kidney,0,ZNF263,ZNF263-201,4.659237370900349,0.41515246897683156,0.5848475310231684,0.0,0,False
CPSF7,brain,0,RCOR1,RCOR1-201,4.0788927783416105,0.0,0.0,kidney,0,ZNF263,ZNF263-201,4.372763170263035,0.41515246897683156,0.5848475310231684,0.0,0,False
CERS5,brain,CERS5-206,L3MBTL1,L3MBTL1-205,4.078138500261607,0.0,0.0,kidney,0,ZNF263,ZNF263-201,4.479964166867456,0.41515246897683156,0.5848475310231684,-6.42978129775621,Downregulated,False
TMEM135,brain,0,GTF2B,GTF2B-201,4.071328434369984,0.0,0.0,kidney,0,CREBBP,CREBBP-201,5.0926122357365,0.4415698760249729,0.5584301239750271,0.0,0,False
PRUNE1,brain,0,PBX2,PBX2-201,4.066330743352515,0.0,0.0,kidney,0,CREBBP,CREBBP-201,4.607516502248472,0.4415698760249729,0.5584301239750271,0.0,0,False
TPM1,brain,TPM1-204,TSC22D1,TSC22D1-203,4.0652622965418805,0.0,0.0,kidney,0,CREBBP,CREBBP-201,4.398610441319782,0.4415698760249729,0.5584301239750271,1.74159942198484,Upregulated,False
FUBP3,brain,FUBP3-203,ZNF91,ZNF91-208,4.0635808271179,0.0,0.0,kidney,0,NFIX,NFIX-202,4.339208538100796,0.10337512054001928,0.8966248794599807,0.0,0,False
NACC2,brain,0,NACC2,NACC2-202,4.062672536200362,0.0,0.0,kidney,0,NFIX,NFIX-202,6.103414899378577,0.10337512054001928,0.8966248794599807,-2.78636997036563,Downregulated,False
SDSL,brain,0,HMGB2,HMGB2-202,4.062088525093232,0.0,0.0,kidney,0,RNF14,RNF14-203,4.775967178179238,0.3502539734556776,0.6497460265443225,1.64320128174205,Upregulated,False
ST3GAL3,brain,0,PIN1,PIN1-201,4.060870001983282,0.0,0.0,kidney,0,CREBBP,CREBBP-201,4.590179261434301,0.4415698760249729,0.5584301239750271,0.0,0,False
SLC8A1,brain,SLC8A1-207,MYT1L,MYT1L-203,4.058318349852803,0.0,0.0,kidney,0,ZNF195,ZNF195-201,5.724207136412335,0.0,0.0,-3.15202971688953,Downregulated,False
CRTC3,brain,0,RYBP,RYBP-201,4.057149172497372,0.0,0.0,kidney,0,NFIX,NFIX-202,5.656104905826126,0.10337512054001928,0.8966248794599807,0.0,0,False
